Time,V1,V2,V3,V4,V5,V6,V7,V8,V9,V10,V11,V12,V13,V14,V15,V16,V17,V18,V19,V20,V21,V22,V23,V24,V25,V26,V27,V28,Amount,Class,Risk_Tier,defer_prob_m2,defer_prob_m3,deferred_m2,deferred_m3
288.0,1.26806876340874,0.285831650396011,-0.147276025461222,1.04774172573764,0.672115439500528,0.656656255626285,0.138314672637385,-0.0107854481089644,0.158270869375423,-0.166168993765532,-1.53116732902866,0.871081072233206,1.62485130002622,-0.319368703673909,-0.157591231159468,-0.385908134968166,-0.331838626858768,-0.707136534042879,0.150423262781333,-0.0518277528224871,-0.177626950227441,-0.189526076786979,-0.251549306774214,-1.26623556955512,0.901898690410455,-0.230844608605717,0.0482707013695798,0.0047637587989055,6.54,0,Low,1.3118474e-08,0.8709736,False,True
523.0,1.11958886579381,1.13158607341127,-1.53301067790265,1.54522340321799,0.929387735470615,-1.15834960047811,0.589693926369516,-0.0934117631614227,-0.66077819303452,-1.41981156779534,2.85051333038297,0.132304786444557,-0.705828907695336,-3.05252175087868,0.656470677749428,0.902177741106774,2.8341948307536,1.36874564733143,-0.985134758435463,-0.062494978239096,-0.114062902718563,-0.283534483947395,-0.17351293600988,-0.111815908947854,0.707683833896674,-0.294680861258754,0.0474056083545953,0.0869887760995536,15.19,0,Low,0.1982913,0.9936266,False,True
963.0,0.710754265270823,-0.524068263893963,0.289114814817714,1.77481870586612,-0.784992213303484,-0.351600596582903,0.026560596623854,-0.0391598225099334,0.816115602266544,-0.786261292319514,-0.651948235965254,0.304023776848073,-0.220337821687054,-1.39941516184001,-0.413059327174843,-0.0109354746306527,0.90646824134614,0.25578815808824,-0.220523157538594,0.343987879633805,0.0359677594683297,-0.112653576977531,-0.334688403250914,0.339463698354886,0.588494514890665,-0.300983280184884,0.0273422952785265,0.0919668749210438,240.9,0,High,7.091352e-06,0.89927757,False,True
1238.0,1.10770542260271,0.0439729307999293,0.142642712567429,1.43124962651307,-0.162959253542197,0.0769657430270196,-0.192446096449925,0.034236713745956,0.825646699208806,-0.71697500874771,-1.32828334459319,0.260635236919554,0.348642811115436,-1.57950154225379,-0.423336198832237,0.189679188374023,0.570114455040486,0.438393774578342,0.148718739882149,0.0444780161659891,-0.119886775186572,-0.138001383613555,-0.28996326431278,-0.498154677799547,0.780037847782137,-0.231794450083291,0.0622104456562931,0.054006997188689,66.21,0,Medium,0.040216237,0.99015546,False,True
1333.0,1.14562772729798,1.18933701364616,-1.51368763059402,1.53233001656293,0.961049515051594,-1.15825425304039,0.585935302097616,-0.101676125998813,-0.690495851174764,-1.41964100118088,2.88556954387499,0.24167861320197,-0.50152783045966,-3.09668935402569,0.632107515645748,0.890714940755943,2.82198637858241,1.34064176407371,-0.982250415983012,-0.0765408034896769,-0.119805940921364,-0.259534675493389,-0.164183074609008,-0.106844499827812,0.719597457423554,-0.293944353856972,0.0512886812080448,0.085099502312521,1.79,0,Low,0.010329386,0.96109575,False,True
5214.0,-0.211853132544779,-2.17135185350356,-0.672997563398647,1.77224187706203,-1.01061772976595,-0.0899606919837767,0.596430031599203,-0.249934981478499,2.14149708038125,-1.56681653231101,-0.0715155517959269,-2.76600021382286,1.03043571731021,-0.143646196946035,-0.983290764516442,0.323955065501435,1.8999501449408,0.834438154993946,-0.248986317164164,1.38153352973285,0.162940237241602,-0.695462049980894,-0.853613634989209,-0.197100798336405,0.339063555652466,0.545178572579976,-0.166513879557317,0.160899152659964,757.55,0,Critical,0.12071802,0.52851933,False,True
6169.0,1.04269955436657,0.463142906955536,0.074797734402088,2.87126600207199,0.586610279700592,0.801375110949145,-0.0714739640957458,0.0691471983393554,1.05240192018984,-0.394823532043436,-0.356383856422077,-2.62124546698772,1.95014313993481,0.0389828964397396,-1.2205878594519,0.422647603920803,1.34923733936212,0.0993825600413464,-0.991034592714544,-0.0209451695555687,-0.283926534706062,-0.472789380898434,-0.246345214331892,-1.05311575248881,0.649400905504302,0.12270659310725,-0.0007222919513226,0.0381223565500541,75.17,0,Medium,0.007874765,0.6414335,False,True
22289.0,0.891614751776692,-0.0697966256227069,1.16098824135471,2.76967876593674,-0.201457412385974,1.20382409342419,-0.525232809055757,0.202854798124459,1.332340609187,-0.0006046112218192,-0.418940218341142,-2.16906801032952,2.49982029770478,0.894547284213187,-0.785228102561848,0.528931268544829,0.256731884906048,-0.15860254495744,-1.13444897889405,0.0983218951897678,-0.177143224463715,-0.333927742845051,-0.140844250546604,-0.81363805504213,0.287887400600632,-0.016154013011809,0.0112428907908356,0.0416031839879948,131.41,0,High,0.00017306888,0.67425394,False,True
26039.0,1.24847269718673,1.3375054066843,-1.57539422691865,1.64286066716253,0.879107202318126,-1.82089013060273,0.808973423195404,-0.414312770518015,-0.520090352381047,-1.5643617927627,0.904866737575336,-0.223217685820621,0.345045206722186,-3.4746635790789,1.01778509871896,1.01258143157085,2.68024843483159,1.27340890054251,-0.841430255013744,-0.006110443978813,-0.204958819520399,-0.465304508654366,-0.213895800215537,0.0738377808136241,0.873884098709211,-0.29586715545333,0.043172743773715,0.0979711913177469,0.76,0,Low,0.121249765,0.6451575,False,True
26300.0,0.128231421438236,1.60069996235323,-0.93788906848839,1.05119420637162,1.37527685017095,-0.299720594132404,0.510667348408186,-0.722579233424071,-0.999730699054864,-1.74531029832056,2.93870818820624,0.319618821213931,-0.354507387065392,-3.07322953674593,0.797828028260927,0.662212769046931,3.06680322320969,0.946278079690408,-1.36517764038695,-0.189688669883568,0.64208677869725,-0.536841271194331,-0.325910463893847,-0.618789485741538,1.26647683819081,-0.175159006739484,0.146256394227559,0.196458882851858,3.99,0,Low,0.0026188677,0.75744265,False,True
26745.0,1.17667183622242,0.538720607012569,-0.388265138640623,1.07194217478675,0.405277700939427,-0.222076004420288,0.0885471477844988,0.0797035713259998,-0.276179859006805,-0.431565037440176,1.61549107173631,0.448304349569025,-0.383235866731014,-0.786545308469506,0.667911052018989,0.51816478337124,0.598862545549682,0.657021862630622,-0.525963080976525,-0.135189470878144,0.0022439805915589,0.0626846150261337,-0.139076044632257,-0.42516315223647,0.621963025853163,-0.293934851321256,0.0421325000287218,0.0336780624453951,1.0,0,Low,0.00031772288,0.9938099,False,True
26753.0,0.927890124229336,0.471536575672992,-0.0426819360400429,2.75812734890164,0.0609714868658971,-0.739399281891291,0.524658649110615,-0.243884787807897,-0.961847197704842,0.154382410950516,-0.101659521089012,0.0142382150891961,0.631982740724772,-0.920089261889359,0.500164946978675,0.950084466501719,0.261560951211639,0.163195522809168,-1.22293620902295,0.199035397965256,0.0361368951129711,-0.186921302369607,-0.204576354625775,0.297793431417684,0.540405571612535,0.0208771895863024,-0.0250114207432329,0.0697052428379165,140.71,0,High,1.7534987e-05,0.89488393,False,True
26813.0,1.11058033405747,1.04025061625123,-1.65183713169207,1.44941495558573,1.13528830547749,-0.598133916249467,0.423644936091917,0.119520497826073,-0.497555205158994,-1.42944928020902,2.72780000991984,-0.381295201212393,-1.69914518969902,-2.83799372670671,1.03478860416052,0.708833226193626,3.10202551620335,1.09912506418801,-1.2638653691158,-0.175540885980385,-0.117308655930843,-0.280194079232453,-0.145879124260224,-0.651009971882861,0.630154133389131,-0.247908120216762,0.0593818564672019,0.077439901750823,3.99,0,Low,0.0009244406,0.994222,False,True
28201.0,1.31073702441765,0.645400565961865,-0.65752616218113,1.07508981595576,0.522556617447079,-0.620694972960204,0.278925423132331,-0.182762443305868,-0.0200351403830485,-0.565733597008504,-0.850287853413217,-0.360569466679191,0.194818094849457,-1.12275520544541,1.12708408792087,0.795278008668792,0.304493784938294,0.788234998471238,-0.203972727464559,-0.0698099899041528,-0.117578618854396,-0.259974590559717,-0.24422154745745,-0.730050897439813,0.827389403772055,-0.265316376968147,0.0308983177039153,0.0411535692081211,1.0,0,Low,0.26291773,0.9980028,False,True
28547.0,1.24648285277544,1.33421731104622,-1.57654917558146,1.64369734400096,0.87809136834149,-1.82051946768489,0.810340213496009,-0.414580111011946,-0.520211672115329,-1.56484152961571,0.904881494535864,-0.223175261438644,0.345228841940781,-3.47443039118328,1.01791467215851,1.01271728294591,2.68027897134051,1.27361993442862,-0.841759226959305,-0.0040128898973874,-0.20433471075372,-0.465848130361154,-0.214803641702036,0.0738906326653581,0.873505907968189,-0.295977007309154,0.0429781284149347,0.0981505325855615,1.79,0,Low,0.17367545,0.7226525,False,True
28970.0,1.22715757707293,1.17089381677533,-1.72303876983306,1.46417296212159,0.965958170862377,-1.34282872076494,0.599687129988285,-0.162799962674241,-0.53497184496738,-1.35200904785064,2.05932154743415,-0.423851503446699,-1.1503218835858,-3.00552135964971,0.502476040818613,1.37371300020573,2.39398459052367,2.05615414111482,-0.418257173258131,-0.0779684958846995,-0.191593569883514,-0.533709632857769,-0.249535499471537,-0.348649838213891,0.837847515607745,-0.288062380964325,0.0292801955663288,0.0813503783279394,1.0,0,Low,9.9413555e-05,0.99944335,False,True
28999.0,1.14763689058704,1.19265703254286,-1.51252146883739,1.53148521664839,0.962075211494023,-1.15862851462734,0.584555241988267,-0.101406189966106,-0.690373353578985,-1.41915660668853,2.885554643643,0.24163577693279,-0.501713248544456,-3.09692480588147,0.631976684211641,0.890577770435492,2.82195554560252,1.34042868131492,-0.981918250135068,-0.0786587221738348,-0.120436108996457,-0.258985775905953,-0.163266419127494,-0.10689786480432,0.719979319919343,-0.293833435478276,0.0514851860363277,0.084918419867349,0.75,0,Low,0.4067136,0.99927825,False,True
29016.0,1.33703358080124,0.771171910388508,-0.907617096046983,1.0114395795322,0.869202467530845,-0.415734643342576,0.360009755080953,-0.220964262560545,-0.168601082986304,-0.713199161749866,-0.932098268408216,0.0321532005984177,1.33217929443918,-1.64837125058311,1.06597935549212,0.950820287187991,0.319990634436464,0.908576879408919,-0.105590179226377,0.0208008143513594,-0.14659099087489,-0.285923029076716,-0.310397783637234,-1.11884639288046,0.916749706627506,-0.244418928883623,0.0409081048488782,0.0457665164307939,1.0,0,Low,0.185456,0.9765802,False,True
29557.0,1.20166465887858,0.657482260207421,0.121014728769216,2.69922642461946,0.351934860441607,0.168099846321118,0.0498071330500136,-0.01387096543109,-0.311887007978809,0.0357766910026273,-1.28539801374885,0.13402045784679,0.814571776327985,-1.53367784310093,-0.814448074318516,0.661116595270002,0.368152966289322,0.140877226871161,-0.475109400187128,-0.0558278934982419,-0.184758283098778,-0.290098015072492,-0.214240873853937,-0.51512354450004,0.765141861163279,0.127240815071956,0.026048533923706,0.0388895230851774,7.6,0,Low,0.032914642,0.97555053,False,True
30289.0,1.26284185284082,1.18752836835104,-1.92362649915904,1.34278622386069,1.24601023049379,-1.04726961076876,0.616627448976054,-0.154016818156162,-0.56266585185133,-1.363241440488,1.68236783885849,-0.37113558039022,-0.653815730311692,-3.11691308163283,0.494103314172841,1.5001682613396,2.18903871079859,2.16889510279249,-0.232742643110617,-0.0357998776282409,-0.219795123143871,-0.592129156283374,-0.316088215473922,-0.837672870819484,0.918383043863261,-0.258449418119942,0.031320427310609,0.0771447244526076,0.89,0,Low,4.098979e-07,0.98138076,False,True
30335.0,1.26284185284082,1.18752836835104,-1.92362649915904,1.34278622386069,1.24601023049379,-1.04726961076876,0.616627448976054,-0.154016818156162,-0.56266585185133,-1.363241440488,1.68236783885849,-0.37113558039022,-0.653815730311692,-3.11691308163283,0.494103314172841,1.5001682613396,2.18903871079859,2.16889510279249,-0.232742643110617,-0.0357998776282409,-0.219795123143871,-0.592129156283374,-0.316088215473922,-0.837672870819484,0.918383043863261,-0.258449418119942,0.031320427310609,0.0771447244526076,0.89,0,Low,4.120979e-07,0.9814104,False,True
30375.0,1.26110315384067,1.18465527507505,-1.92463567760227,1.3435173007098,1.24512260857246,-1.04694573054929,0.617821731762991,-0.154250416646005,-0.562771859386138,-1.36366062802946,1.68238073329002,-0.371098510541891,-0.653655272353696,-3.11670932521918,0.494216533683127,1.50028696642461,2.18906539318503,2.16907950133375,-0.233030094325184,-0.0339670633823351,-0.219249785386579,-0.592604165541732,-0.316881475025232,-0.837626689589814,0.918052585934213,-0.258545405178429,0.031150375055364,0.0773014304147757,1.79,0,Low,4.3769643e-07,0.9817784,False,True
30406.0,1.26110315384067,1.18465527507505,-1.92463567760227,1.3435173007098,1.24512260857246,-1.04694573054929,0.617821731762991,-0.154250416646005,-0.562771859386138,-1.36366062802946,1.68238073329002,-0.371098510541891,-0.653655272353696,-3.11670932521918,0.494216533683127,1.50028696642461,2.18906539318503,2.16907950133375,-0.233030094325184,-0.0339670633823351,-0.219249785386579,-0.592604165541732,-0.316881475025232,-0.837626689589814,0.918052585934213,-0.258545405178429,0.031150375055364,0.0773014304147757,1.79,0,Low,4.3927878e-07,0.98179793,False,True
31271.0,1.16224078260347,1.223573116358,-1.58835630660873,1.47828228094345,1.10772208685049,-1.02860892927815,0.614869785684744,-0.117163055991864,-0.753331952260013,-1.43386738255738,2.78816561499815,0.444334876916671,0.0432749960382047,-3.21052271014162,0.591216935157987,0.926778825752319,2.71801949939151,1.34520492955038,-0.907787841711234,-0.0390954653786109,-0.128039148488264,-0.255304188727477,-0.194953159721054,-0.299194699800524,0.764628178120324,-0.282784104685942,0.0545156263264814,0.083947463513008,0.89,0,Low,0.0050237924,0.6295478,False,True
31527.0,1.29996875017549,0.748126289816946,-0.559354831315638,1.10114727667437,0.562187869984542,-0.684030302787672,0.374513592739373,-0.270518111285714,-0.236853169699497,-0.605814826062663,-0.469584484664779,0.415909742785499,1.52190314986403,-1.38266368081064,0.966056216866762,0.682941089364571,0.287710107304833,0.567331585187592,-0.27608561991242,0.011678665353304,-0.09100164464071,-0.118132299070691,-0.239853335959563,-0.525622760161563,0.850989891491457,-0.280219853495459,0.0399839750172213,0.0457604956717461,1.0,0,Low,0.005490829,0.76690537,False,True
31634.0,0.986973664755594,0.199817550380738,-0.188710660579756,1.23457382342207,0.160125472413859,-0.0391875967676596,0.0588922900864175,0.125641794563178,-0.240941254081176,-0.367808000288436,1.56903889144595,0.460600168023879,-0.382539243312721,-0.655624077992469,0.753467946061944,0.673231066783164,0.398625070642734,0.583574829739427,-0.583429559645057,0.0411224940939477,-0.036727017474831,-0.288203326924335,-0.113473910146396,-0.43211086734584,0.400719142884427,-0.423612754031229,0.0319117385768462,0.0520024462565208,90.28,0,High,0.009622512,0.997156,False,True
31659.0,1.02710827416439,0.347014637848752,0.0582384147012936,2.64682461485573,0.282601630155541,0.495835356537494,-0.005204290890457,0.150005296441942,-0.486966406778543,0.191299623323266,0.319642508380069,0.501414846939688,0.123250098456968,-1.19838919853245,-1.43962524817889,0.891917743600629,0.15893292457431,0.721878839859086,-0.207427446730284,0.0527841077047386,-0.0984827832731409,-0.261569808849763,-0.277299537211631,-0.570001383928856,0.687815135031906,0.103916368076491,0.0054647621775221,0.0392567196427726,75.08,0,Medium,0.11106443,0.5817055,False,True
31676.0,1.26284185284082,1.18752836835104,-1.92362649915904,1.34278622386069,1.24601023049379,-1.04726961076876,0.616627448976054,-0.154016818156162,-0.56266585185133,-1.363241440488,1.68236783885849,-0.37113558039022,-0.653815730311692,-3.11691308163283,0.494103314172841,1.5001682613396,2.18903871079859,2.16889510279249,-0.232742643110617,-0.0357998776282409,-0.219795123143871,-0.592129156283374,-0.316088215473922,-0.837672870819484,0.918383043863261,-0.258449418119942,0.031320427310609,0.0771447244526076,0.89,0,Low,4.816736e-07,0.9822552,False,True
31718.0,1.26284185284082,1.18752836835104,-1.92362649915904,1.34278622386069,1.24601023049379,-1.04726961076876,0.616627448976054,-0.154016818156162,-0.56266585185133,-1.363241440488,1.68236783885849,-0.37113558039022,-0.653815730311692,-3.11691308163283,0.494103314172841,1.5001682613396,2.18903871079859,2.16889510279249,-0.232742643110617,-0.0357998776282409,-0.219795123143871,-0.592129156283374,-0.316088215473922,-0.837672870819484,0.918383043863261,-0.258449418119942,0.031320427310609,0.0771447244526076,0.89,0,Low,4.840332e-07,0.9822811,False,True
31751.0,1.22785187145415,1.2007450380947,-1.71675252766522,1.45884601425249,1.00561807853273,-1.32980153579581,0.627663161400505,-0.185970136254401,-0.59729224100103,-1.36416333658924,2.12497882199369,-0.205449278105736,-0.735252980993749,-3.08826462831213,0.457448084380506,1.35590628885288,2.36830465624181,2.0071591760026,-0.418962276308406,-0.051257310242078,-0.187197171840064,-0.500817563993603,-0.255191608447885,-0.342867901486708,0.852599028505946,-0.289106058219644,0.031979980449123,0.0821834713568696,1.0,0,Low,0.00079461455,0.999443,False,True
31754.0,1.26110315384067,1.18465527507505,-1.92463567760227,1.3435173007098,1.24512260857246,-1.04694573054929,0.617821731762991,-0.154250416646005,-0.562771859386138,-1.36366062802946,1.68238073329002,-0.371098510541891,-0.653655272353696,-3.11670932521918,0.494216533683127,1.50028696642461,2.18906539318503,2.16907950133375,-0.233030094325184,-0.0339670633823351,-0.219249785386579,-0.592604165541732,-0.316881475025232,-0.837626689589814,0.918052585934213,-0.258545405178429,0.031150375055364,0.0773014304147757,1.79,0,Low,5.138619e-07,0.9826298,False,True
31794.0,1.19998746214276,0.605181630890705,-0.641530099580399,1.02427863070915,0.661336807672906,-0.0561642047694207,0.113963587761788,0.086561448198823,-0.30121058874834,-0.554669314171326,1.42206509828725,0.410122289536225,-0.0828866622729705,-1.14473926001837,0.695531322215067,0.70287189871841,0.674095186165589,0.868344513426375,-0.43466144541783,-0.098919816203317,-0.0341100681628336,-0.0251285010355099,-0.191113618257888,-0.802986457762534,0.678707912580558,-0.272340583223712,0.0467532304276446,0.0368475551546135,1.0,0,Low,2.6830974e-06,0.7836017,False,True
31799.0,1.2600205966743,0.229397335198758,0.390492060831951,1.27931195014531,-0.0268575572122729,0.0508655876930616,-0.0383215558431208,-0.077969644762527,0.420620467706354,-0.153211188514083,-1.40821034017098,0.826237930848038,1.21615616035488,-0.440394138773978,-0.504174874979514,-0.189479095730003,-0.379002562203585,-0.270369359331123,0.27259612147312,-0.0693144665554381,-0.125798386720577,-0.0378760165950743,-0.21481132880647,-0.407232157392097,0.856359532743032,-0.249678052652792,0.0478685254833401,0.0162388983342499,1.5,0,Low,0.0020570299,0.9096821,False,True
31845.0,1.26284185284082,1.18752836835104,-1.92362649915904,1.34278622386069,1.24601023049379,-1.04726961076876,0.616627448976054,-0.154016818156162,-0.56266585185133,-1.363241440488,1.68236783885849,-0.37113558039022,-0.653815730311692,-3.11691308163283,0.494103314172841,1.5001682613396,2.18903871079859,2.16889510279249,-0.232742643110617,-0.0357998776282409,-0.219795123143871,-0.592129156283374,-0.316088215473922,-0.837672870819484,0.918383043863261,-0.258449418119942,0.031320427310609,0.0771447244526076,0.89,0,Low,4.91237e-07,0.982359,False,True
32006.0,1.04193422911363,0.557195856331459,0.542009843886633,2.7821455434782,0.0528027971219778,0.356957441560382,-0.136010542539239,0.227927730358852,-0.585875838424906,0.170805429190691,1.49836543843348,1.03812789498534,0.125549781538894,-1.16622836066737,-1.29510742989103,0.279906445576268,0.797726851711363,-0.103483192084994,-0.934158602800735,-0.136079195785998,-0.0415235606530943,0.095840409985401,-0.0634527425014207,0.153544549396291,0.5094820364406,0.0761782042823434,0.0374561983270348,0.0350059084632981,7.58,0,Low,7.357438e-07,0.99751294,False,True
32415.0,1.0847347600229,0.55017671654597,0.550933077679515,2.8371586065772,-0.196789802511929,-0.123133121800469,-0.110928320124693,0.134404694993525,-0.467026451223625,0.237146655676706,1.14623661869177,0.546878770199631,-0.615688238868578,-1.04331695728658,-1.46259451455937,0.608825078998565,0.562143137363554,0.439809926489533,-0.570131715991375,-0.152481834888519,-0.0780522437960672,-0.0821365747857928,-0.0832788573664956,0.456863700563898,0.556987952283281,0.0484438486852661,0.0158969711927352,0.0369079698487084,7.6,0,Low,0.0034736437,0.9635699,False,True
32528.0,1.19108489783518,0.538541333941852,-0.580802482696348,0.709802516880876,0.333489590353892,-0.66829322271583,0.212136023584461,-0.0174193249630883,-0.390732697707205,-0.580188433256983,2.06705435064032,0.490840867467637,-0.454383207681105,-1.02022183626901,0.548564536326915,0.467678390444066,1.0785604845125,0.345289430056292,-0.432383342611381,-0.107636127167948,-0.0777753200593863,-0.180837480229381,-0.0634696944891682,-0.101126992333877,0.459280121353345,0.38218189408515,-0.0197344009676272,0.0286983909060044,0.76,0,Low,5.2381136e-05,0.9740702,False,True
32535.0,1.26284185284082,1.18752836835104,-1.92362649915904,1.34278622386069,1.24601023049379,-1.04726961076876,0.616627448976054,-0.154016818156162,-0.56266585185133,-1.363241440488,1.68236783885849,-0.37113558039022,-0.653815730311692,-3.11691308163283,0.494103314172841,1.5001682613396,2.18903871079859,2.16889510279249,-0.232742643110617,-0.0357998776282409,-0.219795123143871,-0.592129156283374,-0.316088215473922,-0.837672870819484,0.918383043863261,-0.258449418119942,0.031320427310609,0.0771447244526076,0.89,0,Low,5.322963e-07,0.9827765,False,True
32803.0,-0.0689351134668287,-1.36600741808396,-0.121488181190609,3.32354270318903,-0.797994743531104,0.0884722317843625,0.672089886618533,-0.0127518598692788,-0.516494921953201,-0.036923191755034,1.13129284602988,0.498189541830746,-0.647023144299258,-0.880708771010441,-1.37235884387196,0.694045555083627,0.587720132077378,0.579057807907567,-0.759915690654947,1.05470082852136,0.282176890193474,-0.408574349654851,-0.607926199729745,0.483730742864336,0.333077816865207,-0.0147786095543855,-0.0978278209002819,0.140581216300581,604.72,0,Critical,7.509975e-05,0.9977804,False,True
32974.0,1.2281550020134,1.23069258545728,-1.70815752446872,1.45482908489375,1.04251022937057,-1.31996640771841,0.655709000289936,-0.209454905848942,-0.659884226095826,-1.37630467681715,2.19547521649438,0.0144022331148852,-0.321872745106517,-3.17053242139951,0.412093185590536,1.33651546179362,2.34468229407347,1.95644238827133,-0.421753249792848,-0.0247718254207102,-0.182444301695201,-0.466962667223382,-0.260153392285142,-0.331549908851992,0.86658597278362,-0.290491324713249,0.0346823478887294,0.0830712791006998,1.0,0,Low,0.00022282176,0.9988834,False,True
33143.0,1.19012968414687,1.2250454123551,-1.48891327943854,1.58367779951117,0.756080941786897,-1.63394929469676,0.648445067674104,-0.228172729650239,-0.654884369155372,-1.36898028981261,2.62876633984038,0.0448010467782558,-0.692065061840708,-3.08336143431012,0.403115013864601,1.19283164400475,2.55571429461808,1.81508831996832,-0.622318517890924,-0.0598676549080504,-0.150305949318852,-0.390665988403401,-0.190445683734718,0.198810020843248,0.785564481838091,-0.322872471735609,0.0335812157132064,0.0879250317567706,1.0,0,Low,4.6491466e-05,0.7901088,False,True
33211.0,1.19123646311481,0.553515107623144,-0.576504981098097,0.707794052201509,0.351935665772814,-0.663375658677127,0.226158943029177,-0.0291617097603591,-0.422028690254603,-0.586259103370934,2.10230254789067,0.600766623077948,-0.247693089737489,-1.06135573281269,0.525887086931931,0.457982976914435,1.06674930342833,0.319931036190658,-0.433778829353602,-0.0943933847572639,-0.0753988849869548,-0.16391003184427,-0.0659505864077967,-0.0954679960165188,0.466273593492182,0.381489260838348,-0.0183832172478239,0.0291422947779195,0.76,0,Low,0.00079557457,0.99086714,False,True
33397.0,1.17381121136804,0.531568477205435,-0.5147214735776,1.11994825317853,0.383462136546823,-0.289403681480249,0.0437018647015811,0.128785201955673,-0.15191182395968,-0.521452665233709,1.54790313092366,-0.082158776637186,-1.29474800327376,-0.894522758462545,0.795274731192881,0.651847106062311,0.87052658891552,0.891924995646237,-0.562492499711787,-0.184185009879124,-0.0236663263811822,-0.0529665499532651,-0.132853560847498,-0.474141401289927,0.591825304108314,-0.290799412397709,0.0397144021965455,0.0380284470111577,1.0,0,Low,1.9198089e-05,0.6506189,False,True
33497.0,1.01354478940616,0.307676897986174,-0.160984717829107,1.38769076169141,-0.0311840926412931,-0.445978226380243,0.0379223923074338,0.111918867281165,-0.191223645819803,-0.417285859740814,1.94616599839395,0.142424965402531,-1.27120324192924,-0.716040450893966,0.754720258085276,0.537264439214363,0.857505258148054,0.71693169598286,-0.855495533678452,-0.0812579076022023,0.101614142826192,0.174486786523938,-0.126600023531931,0.0842508196053225,0.487114316140486,-0.282962056871676,0.0316078905946803,0.0510745292123918,60.0,0,Medium,3.7023157e-05,0.51201206,False,True
33603.0,1.19113541959506,0.543532591835616,-0.579369982163598,0.70913302865442,0.339638282160199,-0.666654034702929,0.216810330066033,-0.0213334532288452,-0.401164695223004,-0.582211989961633,2.07880374972377,0.527482786004407,-0.3854865016999,-1.0339331351169,0.541005386528587,0.464446585934189,1.07462342415111,0.336836632101081,-0.432848504858788,-0.10322187969772,-0.0769831750352424,-0.175194997434344,-0.0642966584620443,-0.0992406602280909,0.461611278732957,0.381951016336216,-0.0192840063943594,0.0288463588633094,0.76,0,Low,0.000231525,0.988332,False,True
33734.0,0.688735033911051,-0.253590136333805,-0.356527196563292,1.52750588132499,-0.22761697698818,-0.393716525477125,0.237483646794453,0.0878844571726419,-0.158851731405124,-0.485416417290202,1.88982596352876,-0.0338649222599134,-1.58573461967602,-0.609449426105352,0.813650315663543,0.5755817442982,0.882171272090751,0.793616746794016,-0.906827282494017,0.238796180949083,0.199449799066598,0.0576059776551488,-0.270540319912044,0.0834396552815396,0.41377304915352,-0.299725252377915,-0.0023871699173727,0.0795864690305843,228.0,0,High,0.00022231565,0.62230057,False,True
33964.0,1.22729613209553,1.14584120126329,-1.73251003352548,1.4662103847435,0.937982468663348,-1.34783260393772,0.576245790103213,-0.142914725331074,-0.482540268327238,-1.34190421283809,1.99573543207576,-0.608510382010209,-1.49311674678701,-2.93744034098527,0.540598732162116,1.39145613846153,2.41161232021711,2.10013995350993,-0.413845491586929,-0.0998140324145856,-0.195910767105647,-0.562884874739007,-0.246095004746247,-0.363617554650355,0.826956297330211,-0.286566402981368,0.0270256401431779,0.0805558238265141,1.0,0,Low,3.677582e-05,0.99559116,False,True
34009.0,1.17687392326192,0.558685638587625,-0.382535136509622,1.06926422188092,0.429872468164656,-0.215519252368685,0.107244373710787,0.0640470582629721,-0.317907849070003,-0.439659264258777,1.6624886680701,0.594872023716106,-0.107649042806193,-0.84139050386109,0.637674452825676,0.505237565331732,0.583114304104119,0.623210670809777,-0.527823729966153,-0.117532480997232,0.0054125606881342,0.0852545462062807,-0.142383900523761,-0.417617823813326,0.631287655371612,-0.294858362316993,0.0439340783217928,0.0342699342746152,1.0,0,Low,0.0003534615,0.9622217,False,True
34246.0,0.494436735536047,-1.13932454693854,-0.332494734740208,1.12090321499005,-0.626535827113339,0.376317938827536,-0.141047992731276,0.298612032157558,0.849977657853163,-0.852227006644461,0.810357781254174,-0.232647070569667,-2.28100013506602,-1.19231438815969,-0.593766052033932,0.235900487018102,1.36200090914587,0.665885696280467,-0.0414193465113381,0.454583291556073,0.13096372117663,-0.157544443390723,-0.440955981695191,-0.382181474598525,0.341245282472346,0.63441860500318,-0.0569158037605526,0.0805427479553665,339.01,0,High,0.0036693697,0.7100927,False,True
34521.0,1.08123377540659,0.416413936043849,0.862918740651629,2.52086280678918,-0.0050205000585141,0.563341022808024,-0.123372251574041,0.223121852791809,-0.673597550149872,0.644549730341658,1.1205051770709,1.23777331256672,0.342362114422749,0.0383719793321978,-1.19450308848281,0.0854063439558358,-0.219143226460215,-0.694259215394403,-0.655269928208246,-0.16524877677618,-0.159387123973102,-0.305154013019185,0.0536197364326817,0.0117614442207135,0.375145782072105,-0.106298753298543,0.0210082653765087,0.0105592082435436,1.52,1,Low,0.00035564604,0.99715936,False,True
34919.0,1.18107424706593,1.30265176834872,-1.46600617263142,1.66903362422665,0.915514910472439,-1.53423424713041,0.745807532639614,-0.302353708574957,-0.561205442270914,-1.61221090519575,1.43398305552347,0.022090677942762,0.367547845426493,-3.44638267650384,1.23513721117285,0.620698725198025,3.07123827340375,0.706329359521836,-1.32332145306119,-0.0405689938370877,-0.154361881628788,-0.283264614014167,-0.145995448507382,0.0912683759096529,0.760726658367935,-0.28675354536432,0.0605927513500874,0.0981990801266533,1.49,0,Low,0.47974795,0.8452328,False,True
35353.0,1.13663175316236,0.570746299103908,-0.28489348478133,1.24146155524749,0.15513883205242,-0.585441819450771,0.0784368829426837,0.0751548197769464,-0.240528355600274,-0.532353237081726,2.08209972607955,0.276568017977458,-1.04318129947229,-0.931228936579268,0.718591153633854,0.480661163390963,1.0440674740941,0.67621756836537,-0.765158357602359,-0.179326911313159,0.0152448591110479,0.0731496461159922,-0.0712828531920511,0.0676594614498538,0.532548798199822,-0.32491686992219,0.0426642386236199,0.0441591965680738,1.0,0,Low,0.0026130949,0.7447811,False,True
35384.0,1.07944367032302,0.527725012307345,0.311541577466556,2.65696091628344,0.298768128107859,0.664707643096116,-0.162478354017319,0.275595445729415,-0.518248325702084,0.177518902618562,0.986325899959535,0.751416188287314,0.0121085020932531,-1.15723054021638,-1.23260931477262,0.44547207663661,0.615480311329518,0.0963809573819083,-0.731797060378619,-0.131479410949681,-0.0790206560141044,-0.0202796774234454,-0.126160290018844,-0.371768898646238,0.573899076199968,0.109264901905937,0.0353078140838917,0.0292938174093567,7.6,0,Low,0.0011202823,0.9981591,False,True
35624.0,1.17636870566318,0.508773059649985,-0.396860141837125,1.07595910414548,0.368385550101583,-0.231911132497694,0.060501308895067,0.103188340920541,-0.213587873912009,-0.419423697212273,1.54499467723562,0.228452838348404,-0.796616102618247,-0.704277515382129,0.713265950808958,0.537555610430502,0.622484907718027,0.70773865036189,-0.523172107492083,-0.161674955699512,-0.0025088895533041,0.0288297182559131,-0.134114260795,-0.436481144871186,0.607976081575489,-0.292549584827651,0.0394301325891154,0.0327902547015648,1.0,0,Low,8.529321e-05,0.9785459,False,True
35841.0,1.18300698973146,1.18382895469892,-1.50146650475129,1.59056217473365,0.715707340524272,-1.64251409258003,0.625083471271213,-0.205604185243636,-0.592708169169326,-1.3584830962751,2.55832052016557,-0.174905068259475,-1.10481594595936,-3.00029446328918,0.448913984733801,1.21268805878631,2.57944131103547,1.86652835975586,-0.620654991948063,-0.0791644349649208,-0.152919883593449,-0.426383977042517,-0.188595240137598,0.187673161253795,0.770281408127596,-0.321863687815847,0.0302118655391394,0.0876518596201109,4.53,0,Low,0.09556942,0.99386734,False,True
35900.0,1.17702548854154,0.573659412268917,-0.378237634911371,1.06725575720156,0.448318543583578,-0.210601688329983,0.121267293155502,0.0523046734657013,-0.349203841617401,-0.445729934372729,1.69773686532045,0.704797779326417,0.0990410751374232,-0.882524400404779,0.614997003430691,0.495542151802101,0.571303123019947,0.597852276944144,-0.529219216708374,-0.104289738586548,0.0077889957605657,0.102181994591391,-0.14486479244239,-0.411958827495967,0.638281127510449,-0.295550995563796,0.045285262041596,0.0347138381465304,1.0,0,Low,0.00014042079,0.8759296,False,True
36021.0,1.19953276630389,0.560260309846829,-0.654422604375151,1.03030402474725,0.60599858141614,-0.0709168968855283,0.0718948294276402,0.121788602590635,-0.207322611106146,-0.536457303829472,1.31632050653621,0.0803450227052925,-0.702957016103819,-1.0213375703873,0.76356367040002,0.731958139307303,0.709528729418106,0.944419695023276,-0.430474985191167,-0.138648043435369,-0.0412393733801281,-0.0759108461908408,-0.183670942502002,-0.819963446714609,0.657727496164047,-0.270262683483305,0.042699679268235,0.0355158435388681,1.0,0,Low,3.134949e-06,0.5692941,False,True
36661.0,1.15386151672334,0.55934885940925,-0.248440009629802,1.1468337003499,0.261252428259516,-0.404536818538106,0.106667867583946,0.0494939433219481,-0.323418524109465,-0.436875611159647,1.93480264161239,0.643305292378997,-0.275672938285733,-0.799768097809549,0.626041611465768,0.415479475880044,0.707833837537712,0.530589978919796,-0.649802193335816,-0.135195694657487,0.0255458460327423,0.136131460652577,-0.100799041911404,-0.094529629297592,0.58407520891627,-0.314679269243853,0.0436352835863105,0.0373337995919158,1.0,0,Low,0.19402358,0.99518126,False,True
36862.0,0.161794610423371,1.448040106901,-0.348170165897755,1.20490016231212,0.426481627178909,-0.084681152740341,-0.66070860181817,-2.78783635627462,-0.722026058516959,-1.30360356315202,-0.6748343213965,-0.155982225682935,0.108130820704234,-0.939993396027006,1.28672148098959,0.740970177537075,0.917638705087269,0.98022314380122,0.086973446290078,0.702645073255711,-1.34637702681203,0.225873037915616,-0.19549655229843,-0.598204165544198,0.829120871278411,-0.186065059516342,0.151232806109299,0.296899292788391,1.0,0,Low,0.00026892452,0.97287905,False,True
37182.0,1.17697496678167,0.568668154375153,-0.379670135444121,1.06792524542801,0.442169851777271,-0.212240876342883,0.11659298667393,0.0562188017314582,-0.338771844101601,-0.443706377668078,1.685987466237,0.668155860789646,0.0301443691562178,-0.868813101556883,0.62255615322902,0.498773956311978,0.575240183381338,0.606305074899355,-0.528754054460967,-0.108703986056776,0.0069968507364218,0.0965395117963543,-0.144037828469514,-0.413845159601753,0.635949970130837,-0.295320117814861,0.0448348674683283,0.0345658701892253,1.0,0,Low,0.00031433336,0.9121441,False,True
37273.0,-0.237947964966397,2.31100210771375,-2.2093755068825,1.3864419566349,0.911176285592733,-0.628473781073952,-0.104297971790346,-2.28615117660254,-0.101813494538171,-0.524514489690789,2.49942372088471,-0.0965688950900978,-1.14639267237244,-3.13307341456143,0.682830183904581,0.773531275385139,3.07939036282473,1.68484835042395,-0.554399542737488,-0.325736332794416,2.18788091295117,-0.808370310794618,0.469236841123335,-0.398780111173082,-0.48017995622552,-0.363138593240112,0.470155868061851,0.0846697987842072,1.79,0,Low,0.055721957,0.9138219,False,True
37323.0,1.0441186136814,0.499698345917095,0.427978799626335,2.74746829072762,0.105792367302537,0.460230383074822,-0.166456428719196,0.269175529897229,-0.494111543946324,0.172846819563872,1.23276404107657,0.686394023407278,-0.3633343618895,-1.09951483750239,-1.21901982424189,0.373918080083288,0.773590318606364,0.040962259416627,-0.858916517992343,-0.149870806205038,-0.0588720183666914,0.0078090985260093,-0.0883841238090815,-0.0690243683057877,0.517001792293208,0.0900707561336432,0.0329308898578129,0.0334332212410229,13.65,0,Low,3.1729314e-06,0.9887257,False,True
37798.0,1.0845036675939,0.652846318307219,0.4064354162421,2.8923665812807,-0.0991401001737904,-0.192943166309681,-0.0751384109336997,0.118624855341825,-0.514225146683454,0.0659572874758339,1.30444549314906,0.580702684892563,-0.432254969788092,-1.49338175805287,-1.44483854654273,0.72902907439591,0.866072044086626,0.591655585378487,-0.632477877366199,-0.131040506613643,-0.0987468343722003,-0.123525316236207,-0.0913788941468176,0.414793601722119,0.564311346585654,0.0486769874775499,0.0225500907245671,0.0459215067351254,6.03,0,Low,0.00070806965,0.9976052,False,True
37863.0,0.945601199831066,-0.178597308415796,-0.242227099346313,1.06285749645172,0.0422853898766595,-0.397477412354592,0.512944016065298,-0.283154115769815,-0.129360212497701,-0.098840243967804,-0.974781873475029,0.437718333539115,1.15256730728274,0.186836382825068,0.897304860826015,0.272262009340106,-0.781248588966724,0.040296025275952,-0.120351892618427,0.323630797647908,0.0959854499775503,-0.0459166860309915,-0.377970768213987,-0.406884251134849,0.764457583667573,-0.299425622746631,-0.0160509294940906,0.0462627168051197,189.95,0,High,8.885043e-05,0.631219,False,True
38265.0,1.26576592787081,0.721523011589911,-0.369594828825849,1.21919550522119,0.279640543766393,-0.971727700517992,0.347834203260621,-0.270342625636357,-0.187331013639634,-0.590529436090879,-0.133079401335078,0.284829557664912,0.893498260753609,-1.2455395425812,0.990678468969834,0.568483043194117,0.493320526157298,0.477504092812969,-0.453329261838328,-0.0387519770975017,-0.0656995208923762,-0.0743118367801696,-0.173981501887085,-0.0597671950629171,0.768510218267365,-0.30816296688991,0.0370546932947691,0.0494594310592318,1.0,0,Low,0.09579043,0.9586147,False,True
38502.0,1.02388782001886,-0.0452724086783832,-0.0722223314630564,1.14933660213114,0.0257332347479233,-0.32221956055277,0.363275039631165,-0.236098438315433,-0.117558153178239,-0.0262946245680009,-1.00416717585015,0.407018179731237,1.17005321336141,0.118200369158453,0.910855249003567,0.367821091842646,-0.828587661463527,0.115331396523359,-0.209556516547498,0.231645573209841,0.110736973255782,0.103054002269749,-0.347339466873897,-0.405667386873667,0.767002766627749,-0.247105066721253,-0.0030114108307143,0.0399946165487506,144.0,0,High,4.2088814e-05,0.65377957,False,True
38598.0,0.906003929957514,-0.154460872269838,0.53449601694723,1.53794202164066,-0.525483099703619,0.255273667880155,-0.37676446497316,0.292087158732505,0.611848364830734,-0.57965558172571,1.38663277185818,0.947043410046238,-0.750267183955406,-1.12464231223744,-0.856875094442349,-0.170154293809888,1.02477816732154,0.248082657157012,-0.315016418887233,-0.0192060865442043,0.0317624935801031,0.2040499476129,-0.153636456512999,0.147581325616866,0.502036945714496,-0.283190481536886,0.0669621674992828,0.0528476776662887,87.62,0,High,0.19014138,0.9643953,False,True
38615.0,1.17376068960817,0.526577219311671,-0.51615397411035,1.12061774140499,0.377313444740515,-0.29104286949315,0.0390275582200091,0.13269933022143,-0.141479826443881,-0.519429108529059,1.53615373184021,-0.118800695173956,-1.36364470925497,-0.880811459614649,0.802833880991209,0.655078910572188,0.874463649276911,0.900377793601448,-0.56202733746438,-0.188599257349352,-0.024458471405326,-0.0586090327483019,-0.132026596874622,-0.476027733395713,0.589494146728702,-0.290568534648775,0.0392640076232778,0.0378804790538527,1.0,0,Low,1.4627074e-05,0.52896076,False,True
38656.0,1.17707601030142,0.578650670162681,-0.37680513437862,1.0665862689751,0.454467235389886,-0.208962500317082,0.125941599637074,0.0483905451999444,-0.3596358391332,-0.447753491077379,1.7094862644039,0.741439697863187,0.167937781118629,-0.896235699252675,0.607437853632363,0.492310347292224,0.567366062658556,0.589399478988932,-0.529684378955781,-0.0998754911163204,0.0085811407847095,0.107824477386428,-0.145691756415266,-0.410072495390181,0.640612284890062,-0.29578187331273,0.0457356566148637,0.0348618061038354,1.0,0,Low,6.527862e-05,0.81806797,False,True
38749.0,1.30470095925985,0.0201947961608443,0.030994818200733,0.560414690728617,0.138947980002775,0.232924464958126,-0.0683144521201264,-0.0812207885327519,0.537211390862583,-0.25014760875644,-1.84042321599009,0.625603567394931,1.33844728712891,-0.503042183873738,-0.423400380287138,-0.0105142972992369,-0.48486980273856,-0.246966347897272,0.703592742520645,0.0170595345513636,-0.161062011114572,-0.174756238745612,-0.284229448486016,-0.910512489555301,0.808313541174123,0.519656511209616,-0.0121328122561718,0.0010454354184766,16.98,0,Low,0.0008421186,0.9348692,False,True
39238.0,1.17492269008528,0.641376150868243,-0.483206461857093,1.10521951219651,0.518733356285584,-0.253341545196431,0.146536607296164,0.042674380109021,-0.381415769307265,-0.565970912736019,1.80638991075953,0.723963431171759,0.220979528312759,-1.19617133311626,0.628973435629661,0.580747406845017,0.783911260964923,0.70596344063159,-0.572726069154741,-0.0870715655341089,-0.0062391358500178,0.0711680715375436,-0.151046768250774,-0.432642094962633,0.643110766459785,-0.295878722874261,0.0496230828084358,0.0412837420718687,1.0,0,Low,0.0024837684,0.8280965,False,True
39248.0,0.995451540825333,0.522792969090685,-0.896457930959616,2.46369200749876,0.976169193849799,-0.0407427305595356,0.748711928737468,-0.25727158156072,-1.11165144499783,0.0510274365241155,-1.14633883973352,-0.050667582634059,1.61894466573227,-1.26554693910745,0.397212242043327,1.25620770598753,-0.0720204753890971,0.459785891437978,-0.649155461758918,0.339302356510551,-0.101405646591473,-0.588616502881315,-0.402834773466407,-1.0841620710395,0.786544518584568,0.0720420874003964,-0.0338942214924225,0.0618731022698426,162.22,0,High,0.16878428,0.7317425,False,True
39491.0,0.292979570643091,-1.36895945111581,-0.722229277342886,1.4658111808444,0.113989520718729,0.814979548299629,0.766629933920258,-0.108337668225915,0.192874892673917,-0.382739011926036,-1.62834385332305,0.56334732133715,1.09437313919529,-0.0814916319397398,-0.027040990577444,-0.291140224259886,-0.280620146822043,-0.528782630275272,-0.007110334466759,0.934964464094738,0.121033342275454,-0.505225309158103,-0.689183999646139,-1.27004632163602,0.695244087954425,-0.281990985084159,-0.0509845756054721,0.0911308281485309,510.9,0,Critical,5.3969692e-05,0.8673102,False,True
39753.0,1.17666523736871,0.552099645549881,-0.49223212344365,0.757093781613134,0.243042866733093,-0.783509734581434,0.224076015544544,-0.0369259508720067,-0.42167856672934,-0.583754874680878,2.27018997683667,0.617924800735539,-0.379276138306118,-1.02999392619779,0.521309549119438,0.402409559773791,1.14706713806444,0.264466684441463,-0.510744925895255,-0.107186052292868,-0.0629581450324835,-0.133810612581604,-0.0393490255816975,0.10815401536124,0.435560275002134,0.3690397322322,-0.0187377426714093,0.0310254353590947,0.76,0,Low,0.0149095,0.9839574,False,True
40112.0,-0.130145373643234,-2.04216370211375,-0.475058190715221,1.74688787359161,-0.684032645474443,0.542335661299344,0.753961018925723,0.0484061138447397,0.153431727756195,-0.228166838396539,0.678020220635013,0.513884921562409,-1.21233632693814,0.625161066906605,-0.558859367991453,-0.288953845441712,-0.0200668462647375,-0.0967496727237766,-0.157133020503096,1.09967689253392,0.314491115560999,-0.448513522105815,-0.682320585003224,-0.285667033339277,0.395117038088974,-0.376321931703936,-0.0966613737418307,0.114864753404292,668.0,0,Critical,4.1138247e-07,0.5335414,False,True
40272.0,1.17682340150205,0.553694380693861,-0.383967637042372,1.06993371010738,0.423723776358349,-0.217158440381586,0.102570067229215,0.067961186528729,-0.307475851554203,-0.437635707554127,1.65073926898665,0.558230105179336,-0.176545748787398,-0.827679205013194,0.645233602624004,0.508469369841609,0.58705136446551,0.631663468764989,-0.527358567718746,-0.12194672846746,0.0046204156639903,0.079612063411244,-0.141556936550885,-0.419504155919112,0.628956497992,-0.294627484568059,0.043483683748525,0.0341219663173102,1.0,0,Low,0.0005332959,0.9722091,False,True
40317.0,1.17426590720691,0.576489798249311,-0.501828968782847,1.11392285914043,0.438800362803589,-0.274650989364142,0.0857706230357286,0.093558047563861,-0.245799801601874,-0.539664675575563,1.6536477226747,0.247618490193746,-0.674677649442911,-1.01792444809361,0.727242383007927,0.622760865473418,0.835093045663003,0.815849814049336,-0.56667895993845,-0.144456782647072,-0.0165370211638877,-0.0021842047979342,-0.140296236603384,-0.457164412337852,0.612805720524825,-0.292877312138116,0.0437679533559552,0.0393601586269031,1.0,0,Low,0.0017403315,0.9980159,False,True
40371.0,1.15401308200296,0.574322633090542,-0.244142508031551,1.14482523567053,0.279698503678438,-0.399619254499403,0.120690787028662,0.0377515585246773,-0.354714516656863,-0.442946281273598,1.97005083886274,0.753231047989308,-0.0689828203421172,-0.840901994353237,0.603364162070783,0.405784062350414,0.696022656453539,0.505231585054162,-0.651197680078037,-0.121952952246803,0.0279222811051738,0.153058909037688,-0.103279933830032,-0.0888706329802337,0.591068681055107,-0.315371902490656,0.0449864673061137,0.0377777034638309,1.0,0,Low,0.020978907,0.9390025,False,True
40771.0,0.552393544383164,-0.821078386311958,0.477209395940266,1.59620519876411,-0.655574246663666,0.335422848819386,0.108896412109722,0.127340866380896,0.207003395412989,-0.132149842915741,1.27252838143548,1.41097594233515,-0.0420617019691022,0.114352279662219,-0.880206157465661,-0.503368924594598,0.0935779872486004,-0.379508786969869,-0.272184550573845,0.38865151524419,0.18191216482923,0.146368567875516,-0.305931378281861,0.271720272259251,0.476106934800235,-0.329466625005554,0.0015587308320149,0.0605069315905934,284.99,0,High,4.9837123e-10,0.73309267,False,True
41152.0,1.17456903776616,0.606437345611895,-0.493233965586345,1.1099059297817,0.475692513641433,-0.264815861286737,0.11381646192516,0.0700732779693195,-0.30839178669667,-0.551806015803466,1.72414411717539,0.467470001414367,-0.261297413555679,-1.10019224118099,0.681887484217958,0.603370038414156,0.811470683494659,0.765133026318069,-0.569469933422892,-0.117971297825705,-0.0117841510190247,0.0316706919722863,-0.145258020440641,-0.445846419703136,0.626792664802499,-0.294262578631721,0.0464703207955616,0.0402479663707334,1.0,0,Low,0.00853135,0.990493,False,True
41259.0,0.34768362582308,-1.10223446063743,0.0713617536705153,1.64760740242671,-0.593438136207124,0.158372776279056,0.482959724014384,0.0229243944336436,-0.0079968134068093,-0.135064849450488,1.32723522329196,1.22932532804749,-0.319637262749639,0.391306705998055,-0.745585287712543,-0.528443111563906,0.107035797509897,-0.452637561356737,-0.279978174772579,0.605453602141279,0.200049737819721,-0.124059789159789,-0.394696521992558,0.24861070349114,0.456504120902142,-0.383762726911094,-0.0387652291889742,0.0759605304346972,401.54,0,High,2.9286204e-07,0.7687046,False,True
41306.0,0.42205155343119,-1.32423004454506,0.195044590425458,1.37972405309772,-0.517822823251586,1.13312495423685,-0.0582904196837218,0.277662823245267,0.661241057152428,-0.271796910630413,0.174443175637868,0.935290542302685,-0.254146557241567,-0.0555420466521977,-0.879181511416139,-0.194254337461267,-0.20406024646596,0.136974362327151,0.143117889979198,0.590576419920955,0.203848425133958,0.0396177582006093,-0.52390163700932,-0.770041544266206,0.538400434067385,-0.251654213496714,-0.0016160351443245,0.0695478226828437,380.19,0,High,0.00018383907,0.88163465,False,True
41379.0,1.18982655358762,1.19509786499251,-1.49750828263505,1.58769472886991,0.719188790949053,-1.64378442277417,0.620399228784672,-0.204687960055697,-0.592292384060576,-1.35683894958471,2.55826994533968,-0.175050464442366,-1.10544529772794,-3.00109364122274,0.44846991265457,1.21222247106401,2.57933665678642,1.86580510769958,-0.619527544406482,-0.0863531397294182,-0.155058819463715,-0.424520885173621,-0.185483899897461,0.187492028208532,0.771577537560417,-0.321487205242004,0.0308788482736,0.0870372240129404,1.0,0,Low,0.3454602,0.99601907,False,True
41478.0,1.23804261799844,0.77053043333537,-0.331997523908519,1.34546451219451,0.139816295211697,-1.22967596595336,0.354259165638368,-0.280804576159513,-0.184996149214632,-0.699812889267707,0.230655066658352,0.214775247241316,0.561439138721415,-1.45979426106371,1.02124766236501,0.567113655972287,0.859052402876907,0.516214961212954,-0.629783953300129,-0.0582422755483618,-0.0605703154557262,-0.0710964980063678,-0.131000023986718,0.269144247106671,0.712099979920193,-0.329489178612648,0.039308026136455,0.0588378743714698,1.0,0,Low,0.02214982,0.8471406,False,True
41500.0,0.990450770066049,-0.269690977962986,0.763664911729975,1.2351499295595,-0.392413405796753,0.758244099846966,-0.420454437010195,0.293060873974296,0.56910055765391,-0.14565566835903,0.721823480497319,1.41807635341713,0.227472374565624,-0.220781875374287,-1.02253526872361,-0.40951820598696,-0.0682570370858894,-0.165457957927101,0.0509591797732517,-0.0204912659167999,0.0546024637601418,0.346150544704756,-0.194080996151979,-0.256027508786493,0.607935325920053,-0.252004635957599,0.0619857736837543,0.0217396437620636,68.14,0,Medium,4.678817e-05,0.9547981,False,True
41688.0,0.586683238731719,-0.92216869555241,0.533519047871046,1.40297874000544,-0.580171765169102,0.838402637537515,-0.128986356351305,0.227050964447785,0.513177836908919,-0.249108261993622,0.760067197463278,1.53661384668147,0.471438659017906,-0.214580893065518,-1.01891056788472,-0.391637109324311,-0.0738696033287449,-0.147978521785481,-0.0172144180153843,0.418534590420545,0.18366691915986,0.252728064492515,-0.380844895834886,-0.239640099691919,0.538159749386341,-0.274996129413808,0.023831929040665,0.0585880838229929,277.22,0,High,0.0009807163,0.9238267,False,True
42240.0,1.18937185774875,1.15017654394864,-1.5104007874298,1.59372012290801,0.663850564692287,-1.65853711489027,0.578330470450524,-0.169460805663885,-0.498404406418382,-1.33862693924285,2.45252535358865,-0.504827731273297,-1.72551565155879,-2.87769195159168,0.516502260839524,1.2413087116529,2.61477020003894,1.94188028929649,-0.615341084179818,-0.12608136696147,-0.16218812468101,-0.475303230328952,-0.178041224141575,0.170515039256457,0.750597121143906,-0.319409305501596,0.0268252971141903,0.085705512397195,1.0,0,Low,0.099253975,0.76854473,False,True
42639.0,-0.427849185432018,-3.0804739838745,-0.960996926065977,-0.137273338977702,-1.23860303485602,-0.231623085483938,1.13119500462464,-0.390307590207437,1.42534174906041,-1.5454493648365,-1.11865820749264,0.980791595968615,0.783143095394787,0.0392913594096735,0.609283098209189,-0.635946310317108,-0.138168183881218,-0.0249829976382154,0.974642736340641,1.77810046804429,0.246363700115075,-1.04581963831415,-0.912529074213245,-0.380884168444698,0.408681133404809,-0.8650562970146,-0.10312521839746,0.176547718049832,912.79,0,Critical,0.008794288,0.99964607,False,True
42789.0,1.41843423103719,1.27574391595091,-2.06361273915972,1.89159321142698,0.63303251576392,-1.50430998579742,0.207680002994373,-1.05666576600397,-0.478325045105113,-1.05212860031995,2.76569058093056,0.515634072486594,-0.0255756164533501,-3.18418708671619,0.463996662416484,1.09600534983793,2.66160479905888,1.76556925204039,-0.428082427279824,-0.17321963303223,0.63773801259461,-0.540842029412265,0.058388585268019,0.200024341096097,0.475544226728669,-0.332050668427997,0.0371289107726154,0.023097482889456,8.99,0,Low,0.00058986904,0.778543,False,True
42826.0,1.17888822813423,1.31376282773673,-1.46306545538463,1.66800805175554,0.932767627530459,-1.52888124412998,0.761436098942323,-0.314410153564128,-0.592643956059555,-1.618845149671,1.46924858862065,0.132066271904715,0.574453690180304,-3.48724263386917,1.21261197911947,0.611162904060457,3.05946296530579,0.681218879250563,-1.32510340199189,-0.0248621344957971,-0.15125227023822,-0.266975789187517,-0.149542833822771,0.0969894603246792,0.767275848179941,-0.287575227878644,0.0617153092600613,0.0988536664588167,2.7,0,Low,0.03353841,0.72203296,False,True
42881.0,1.33878272693839,0.668516366532834,-0.812675772830513,0.978162242122444,0.755746812184687,-0.384469102566433,0.302020295569288,-0.183935071343566,-0.0633651726858442,-0.578793286454023,-1.12299710743144,-0.243505881004316,0.727963899395403,-1.23874522593635,1.10491697188145,0.888237663714214,0.134941919021223,0.859635301407951,-0.0588271910481604,-0.0273170909926757,-0.138107874433313,-0.294406485588125,-0.298427060018716,-1.11136745015429,0.895601966020884,-0.242475057330618,0.0334175220691642,0.0381608368043203,1.0,0,Low,0.0010223731,0.51680285,False,True
43071.0,1.25687015620801,0.199652556936624,0.381647594096142,1.28387785269278,-0.0590803861126968,0.0432094479943398,-0.0597026169394191,-0.0587883342501469,0.472603776060669,-0.143792050893265,-1.46693584486901,0.643090121244735,0.871940060378849,-0.371498050511737,-0.466190426804064,-0.173122231372274,-0.359272789752561,-0.227798038652967,0.274442847352542,-0.0883310134967349,-0.128850215579143,-0.0668801126675224,-0.211998608194272,-0.41658684920491,0.844152982629891,-0.248683642338932,0.0453331321915933,0.0157602351513382,3.0,0,Low,0.39919192,0.79530346,False,True
43372.0,0.849963544216046,-0.333600156489968,0.122713527731378,1.32534572200621,-0.0786935450875338,0.380962031695928,0.166427178103867,0.107674840204946,0.0254960185773009,-0.0283178743253129,0.883587569070384,1.15382634693028,-0.0629153822751949,0.263865195841796,-0.759634709655778,-0.414837517357509,-0.105132883042739,-0.353836101178173,-0.0042074869145219,0.146059329214701,0.0217251079218017,-0.0780819817514443,-0.250871105350952,-0.290442205718937,0.622750275017682,-0.325838150213122,0.0073373903885464,0.0291312443807526,161.0,0,High,0.00073190744,0.7594452,False,True
43581.0,0.985788914743294,-0.102374030987426,-0.216094928617351,1.04466313708868,0.0750473900088785,-0.401666274722113,0.494757775885176,-0.285596629341066,-0.147780144921207,-0.0932227557267639,-0.951580363590603,0.510147504665071,1.28666127188025,0.154716067814427,0.879576222519999,0.263061588638269,-0.789737886932462,0.0191390185531585,-0.114654869666268,0.290202741918868,0.0849966750660562,-0.023680118095428,-0.361335656504542,-0.404176320829567,0.776738789568731,-0.297674343284937,-0.0112294911294089,0.0429457097030757,169.2,0,High,1.8002635e-05,0.51801085,False,True
43789.0,1.2279529149739,1.21072755388223,-1.71388752659972,1.45750703779957,1.01791546214534,-1.32652315977001,0.637011774363649,-0.193798392785915,-0.618156236032629,-1.36821044999855,2.14847762016059,-0.132165441032196,-0.597459569031338,-3.11568722600792,0.442329784783849,1.34944267983313,2.36043053551903,1.99025358009218,-0.41989260080322,-0.0424288153016221,-0.185612881791777,-0.489532598403529,-0.256845536393637,-0.339095237275136,0.857261343265171,-0.289567813717513,0.0328807695956585,0.0824794072714797,1.0,0,Low,0.00697935,0.99949205,False,True
43953.0,1.24014541645471,0.702813694736045,-0.227028696962796,1.30750075719956,0.0694014825096905,-1.18693610908691,0.328989851497706,-0.271174282802833,-0.152784221524767,-0.579571910904417,0.122002021219269,0.195609595395974,0.439500685546079,-1.14614732835223,1.00727123016604,0.481908400929371,0.646444264931931,0.408103797525507,-0.586277100853762,-0.0754604486008013,-0.0465421838451426,-0.0400825749525205,-0.124818048178333,0.289827514573336,0.707270340970857,-0.329161451302183,0.0349702053696152,0.0522679704461315,1.0,0,Low,0.047301047,0.97903043,False,True
44039.0,0.638604145184895,-0.746556149756418,-0.265900547881113,1.50210428079106,-0.173121351731913,-0.0332574331306367,0.615413077765876,-0.230781086710592,0.190371001029366,-0.25494569956226,-1.3648430062441,0.614300956323882,0.908841782503219,-0.101418769894031,-0.332967820598499,-0.181157533479001,-0.356869656034545,-0.288683489521718,0.197560131199766,0.584024287387887,0.0220331693859247,-0.430479291364968,-0.492018298735957,-0.395719680296697,0.756105142470086,-0.327908580946471,-0.033900039069376,0.0693837347219121,334.0,0,High,0.14633165,0.99528295,False,True
44138.0,1.18238494501232,1.31954093754733,-1.46103588540435,1.66653777498121,0.934552733838916,-1.52953260323802,0.759034263559705,-0.313940361045666,-0.59243076312844,-1.61800211694873,1.46922265648613,0.131991720320853,0.574130991398112,-3.48765241065663,1.21238428210434,0.610924174945056,3.05940930406195,0.680848033295363,-1.32452530566037,-0.028548127590341,-0.152349005061218,-0.266020492790151,-0.147947500725137,0.0968965847405642,0.767940435792804,-0.287382187238798,0.0620573032400539,0.098538513357123,0.89,0,Low,0.037028395,0.76461625,False,True
44666.0,1.30512996443856,0.425317434035768,-0.0307424878766222,0.910388689134719,0.238073949560232,-0.461152275031326,0.275407837351107,-0.242692373373286,-0.128310094361316,-0.0162319772785057,-0.953948640848068,0.503339009188651,1.25719049359499,0.117292806506262,0.858781572464229,0.241259421358835,-0.794638551908881,-0.0147288468581625,-0.0618596632573696,-0.0464241412458395,-0.0151636930231942,0.0635632490231011,-0.215640318913977,-0.412658273345703,0.837432895870492,-0.280044720209488,0.0200034397505707,0.0141640479848624,3.9,0,Low,0.0040981537,0.6502374,False,True
44858.0,1.11726607019128,1.13963831266698,-1.62269940705226,1.43493536775524,1.24891363526301,-0.569704534079711,0.503814779945833,0.0498422551364811,-0.684978979855516,-1.46448066672721,2.93924635525494,0.278136178175578,-0.459537559031113,-3.08547403005421,0.898347767417551,0.650266380344543,3.03106978488114,0.946362088062694,-1.27128331275629,-0.102173447733236,-0.104861778712146,-0.177051302607911,-0.158129091262644,-0.617209418286172,0.673212820897545,-0.251745029358825,0.0680539101673348,0.0795827129524441,1.0,0,Low,0.008883778,0.96556,False,True
44873.0,1.17621714038355,0.493799285968693,-0.401157643435376,1.07796756882485,0.349939474682661,-0.236828696536396,0.0464783894503512,0.114930725717812,-0.182291881364612,-0.413353027098322,1.50974647998527,0.118527082738093,-1.00330622056186,-0.663143618838441,0.735943400203942,0.547251023960133,0.634296088802199,0.733097044227523,-0.521776620749862,-0.174917698110196,-0.0048853246257356,0.0119022698708028,-0.131633368876371,-0.442140141188545,0.600982609436652,-0.291856951580849,0.0380789488693121,0.0323463508296497,1.0,0,Low,1.31292745e-05,0.78471667,False,True
45211.0,0.97434278738773,0.18522292900152,0.82772933400372,2.61327423095327,-0.102364578457021,0.685490416929757,-0.13048217359206,0.22850183916503,-0.557618418964727,0.602070542011491,1.00598108813812,1.27155758371862,0.397253393898739,-0.0729400308439236,-1.40588031216712,-0.0219407180385046,-0.154849345528022,-0.538417488655528,-0.704309449315484,-0.0552455513184422,0.0367656646162758,0.211892565517513,-0.114095421654124,0.0633212675222661,0.525025664089948,0.0822688769336739,0.0157043165536276,0.0168818049212466,54.77,0,Medium,5.737012e-06,0.95099664,False,True
45923.0,1.17271149126322,1.19135514496007,-1.50042635130983,1.59164993315267,0.74106589323306,-1.63235327918407,0.655700319253156,-0.226591990744133,-0.645511269126163,-1.37114395088322,2.61714574180075,0.0085294148375715,-0.759358971108154,-3.06761483528581,0.411805100771226,1.1972491804193,2.55991788237292,1.82538305446344,-0.624724673886807,-0.0459741245219523,-0.145650776078493,-0.401053285901375,-0.197542501279925,0.197384987909392,0.779932416922769,-0.323600398048673,0.0314321880569924,0.0893423822437894,9.99,0,Low,0.0037979449,0.9907844,False,True
46038.0,1.1898770753475,1.20008912288628,-1.4960757821023,1.58702524064345,0.72533748275536,-1.64214523476127,0.625073535266244,-0.208602088321454,-0.602724381576375,-1.35886250628936,2.57001934442313,-0.138408545905595,-1.03654859174674,-3.01480494007064,0.440910762856242,1.20899066655413,2.57539959642503,1.85735230974437,-0.619992706653889,-0.0819388922591902,-0.154266674439572,-0.418878402378585,-0.186310863870337,0.189378360314318,0.773908694940029,-0.321718082990938,0.0313292428468677,0.0871851919702454,1.0,0,Low,0.49522054,0.9971187,False,True
46470.0,1.24940272521492,0.170189269220886,0.312746202555026,1.17016146486504,-0.0436542489075452,-0.0012893829983338,-0.0148976710540869,-0.0865890888708493,0.494682105744373,-0.202627068390286,-1.43352121829793,0.733242691967215,1.00211311091997,-0.378385610017031,-0.462981117588884,-0.250223922640776,-0.341095774355874,-0.231524417651494,0.324263457627703,-0.0636605816250607,-0.101381301933286,0.0118960186280435,-0.242501529319505,-0.406065902441462,0.888343602881058,-0.238713648492651,0.0441078672778428,0.0159396274583442,10.56,0,Low,0.10912063,0.98738027,False,True
46716.0,0.283698899394668,-1.57022811604477,-0.481468335271148,-0.159335310342118,-1.13897529071486,-1.03620980214272,0.518221397234973,-0.323896522499292,1.38500935814692,-1.78729035262628,0.0481503948442999,0.874514759158086,0.580872729668214,-1.18381549532346,1.16938999889703,-0.276491600944934,0.859518578464909,0.564407532391513,0.305705084898329,0.974828889461043,0.244791942669272,-0.147321450714724,-0.57391371745902,0.350629712151981,0.513231177112542,-0.681272754752425,-0.0045989131479596,0.142008255436335,508.3,0,Critical,4.0025513e-12,0.88506293,False,True
46840.0,1.17406382016741,0.556524766674255,-0.507558970913848,1.11660081204625,0.414205595578359,-0.281207741415745,0.0670733971094409,0.109214560626889,-0.204071811538677,-0.531570448756962,1.6066501263409,0.101050816046665,-0.950264473367733,-0.963079252702026,0.75747898220124,0.635688083512926,0.850841287108566,0.849661005870181,-0.564818310948822,-0.162113772527984,-0.019705601260463,-0.0247541359780813,-0.136988380711879,-0.464709740760997,0.603481091006376,-0.29195380114238,0.0419663750628842,0.038768286797683,1.0,0,Low,0.0014035759,0.9983955,False,True
47093.0,1.31038337209853,0.610461760705517,-0.667553665910382,1.07977623354095,0.479515774802927,-0.63216928905051,0.246205277761327,-0.155363545445569,0.0529888422275467,-0.551568700075951,-0.932533646997358,-0.617062896436583,-0.287458847018981,-1.02677611351014,1.17999813650917,0.817900640237931,0.33205320746803,0.847404584157717,-0.20071659173271,-0.100709722195749,-0.123123634023403,-0.299471970124975,-0.238432799647317,-0.743255222180316,0.811071302114769,-0.263700232725607,0.0277455556910412,0.0401177935069858,1.0,0,Low,0.026210586,0.894916,False,True
47138.0,1.17426590720691,0.576489798249311,-0.501828968782847,1.11392285914043,0.438800362803589,-0.274650989364142,0.0857706230357286,0.093558047563861,-0.245799801601874,-0.539664675575563,1.6536477226747,0.247618490193746,-0.674677649442911,-1.01792444809361,0.727242383007927,0.622760865473418,0.835093045663003,0.815849814049336,-0.56667895993845,-0.144456782647072,-0.0165370211638877,-0.0021842047979342,-0.140296236603384,-0.457164412337852,0.612805720524825,-0.292877312138116,0.0437679533559552,0.0393601586269031,1.0,0,Low,0.0037496132,0.998147,False,True
47349.0,1.336730450242,0.741224363025923,-0.916212099243485,1.01545650889094,0.832310316693001,-0.425569771419981,0.331963916191521,-0.197479492966003,-0.106009097891508,-0.701057821521964,-1.00259466290891,-0.187698310622204,0.918799058551944,-1.56610345749573,1.11133425428209,0.970211114247253,0.343612996604808,0.959293667140186,-0.102799205741935,-0.0056846704700083,-0.151343861019753,-0.319777925846936,-0.305435999799977,-1.13016438551517,0.902762762349832,-0.243033662390018,0.0382057374092718,0.0448787086869637,1.0,0,Low,0.06804098,0.9533677,False,True
47545.0,1.17671575912859,0.557090903443645,-0.490799622910899,0.756424293386678,0.2491915585394,-0.781870546568533,0.228750322026116,-0.0408400791377636,-0.432110564245139,-0.585778431385528,2.28193937592012,0.654566719272309,-0.310379432324912,-1.04370522504569,0.513750399321109,0.399177755263914,1.14313007770305,0.256013886486252,-0.511210088142662,-0.10277180482264,-0.0621660000083396,-0.128168129786567,-0.0401759895545737,0.110040347467026,0.437891432381746,0.368808854483266,-0.0182873480981415,0.0311734033163997,0.76,1,Low,0.071979046,0.9979303,False,True
47604.0,0.725216349342503,-0.413939051736334,0.440788414330388,1.6087724465828,-0.568793631921772,0.302139089521178,-0.21491247691302,0.236430574426062,0.51734522171576,-0.639528034822454,1.48197170756253,1.24404184842348,-0.182372034016382,-1.2130990207575,-0.905549561862666,-0.18363834108589,0.996062285568576,0.199676650387239,-0.348693327326807,0.207107502243741,0.0949299073914678,0.19968856737158,-0.242918627537503,0.167484579719588,0.486248816789857,-0.295040421545579,0.0528439896194037,0.0703619237600057,181.41,0,High,0.48575702,0.9992287,False,True
47695.0,1.22867064022822,1.26099128866471,-1.69943917724027,1.4507228016979,1.07951086733214,-1.31017086500116,0.683608871283187,-0.232911124516947,-0.722463254714145,-1.3883947830122,2.265970035009,0.234249213576266,0.0914878792525158,-3.25282511804855,0.366724448860421,1.31711012633508,2.32105667072456,1.90570306294058,-0.424509090351065,0.0014896487706023,-0.177758083942896,-0.433049713766029,-0.265018222177239,-0.32023756058979,0.880613306363733,-0.291864859455261,0.0374054994928658,0.0839399338935984,0.89,0,Low,1.1152579e-05,0.6457495,False,True
47794.0,0.863199431135708,-0.25678482547808,0.385444970764562,1.71101090404013,-0.694026613331003,-0.383528212669288,-0.0631002177631579,-0.032276018393795,0.794243850131051,-0.75541991475783,-0.616489425417952,0.411966432142444,-0.0280554447855075,-1.4581372638117,-0.446601480767023,-0.031887259414835,0.893147956509608,0.213191596312332,-0.197328793984835,0.195822695011255,-0.0093238454734858,-0.0527684039434125,-0.26809989261342,0.328356824094919,0.623998271824868,-0.292686710953611,0.0437101776849168,0.0785414609677345,161.93,0,High,0.126801,0.9959209,False,True
47851.0,1.2421369767916,0.307155917073442,-0.0678763478358197,0.941056392131191,0.182318979628693,-0.462840240039436,0.305473774244984,-0.241227719472479,-0.100706527042361,-0.0251167312856398,-0.987390753806955,0.396016929162305,1.055946632612,0.166049957871659,0.884603345068011,0.254386239485323,-0.781034973961375,0.016207625269034,-0.0714416231683212,0.0057054053369936,0.0022682903923591,0.0308190463860954,-0.242242672921291,-0.429368982755832,0.818061047439519,-0.282239683188071,0.0126278223350525,0.0192405773399928,36.29,0,Medium,0.16368961,0.72039837,False,True
47932.0,1.17780642686454,0.673438228418506,0.265544720746511,2.77824088053056,0.194449996662804,-0.0244617698438819,0.0634118974089561,-0.0409945066709266,-0.349410645083704,0.0325332844275128,-0.965019335246265,0.296217207329509,0.848761864910794,-1.53193452661535,-0.849626813898937,0.557464797888285,0.486510369177466,0.018333659143977,-0.604001556329076,-0.0608868805392463,-0.161316536570544,-0.219732970150432,-0.173280303786109,-0.171714695295692,0.722905209521801,0.105824681663359,0.0271115419542652,0.042538726196193,7.58,0,Low,0.04731611,0.9822872,False,True
48249.0,1.18975524956173,1.16553339673339,-1.50596872870578,1.59161418131543,0.68241498970072,-1.65366273488083,0.592194152190315,-0.181172043995843,-0.529686264627806,-1.34464171768461,2.48777183158145,-0.394906918309431,-1.51884692800957,-2.91885301565719,0.493809715509834,1.2315974707786,2.60295546130324,1.91649730895868,-0.616698244093431,-0.113082999783573,-0.159884401309551,-0.458312447376061,-0.180416348120029,0.176167878076526,0.757634654339949,-0.320089140473934,0.0281991544680262,0.086128522140821,0.88,0,Low,0.38842276,0.96601003,False,True
48311.0,1.06448939553344,0.478475123027112,0.295845910410566,2.66649001832879,0.260519332608168,0.659250290220681,-0.175751561971191,0.29319088204964,-0.466984690722971,0.184092222596797,0.927687934124441,0.568520041765444,-0.331018266634608,-1.08695117230143,-1.19385623192179,0.46263481662699,0.635391227537383,0.140204139267947,-0.731901808855872,-0.138053185621551,-0.0783702474315011,-0.0525085585720836,-0.128732920360539,-0.380810071222066,0.55944908392407,0.109607666744956,0.0316179549259821,0.0298790135918308,15.21,0,Low,5.242256e-05,0.80646867,False,True
48776.0,1.17973082388307,1.320062939234,-1.46117321800552,1.66700551740893,0.939320680434262,-1.52738960155039,0.765566343265401,-0.318217864740067,-0.603027661253942,-1.62067774316231,1.48099211357418,0.168691303066135,0.643277298647311,-3.50104675508329,1.20500125154424,0.607877022789633,3.05551374963502,0.672682077515444,-1.32543761424155,-0.0212828357375929,-0.150708556859065,-0.261116913285895,-0.150008424000051,0.0988547543147264,0.769757547505009,-0.287762378189823,0.0622431720829407,0.0989302461444674,2.29,0,Low,0.01002663,0.7427375,False,True
49224.0,1.17712653206129,0.583641928056445,-0.37537263384587,1.06591678074864,0.460615927196193,-0.207323312304181,0.130615906118646,0.0444764169341875,-0.370067836648999,-0.44977704778203,1.72123566348735,0.778081616399957,0.236834487099834,-0.909946998100571,0.599878703834035,0.489078542782347,0.563429002297165,0.580946681033721,-0.530149541203188,-0.0954612436460924,0.0093732858088534,0.113466960181465,-0.146518720388142,-0.408186163284395,0.642943442269674,-0.296012751061664,0.0461860511881315,0.0350097740611404,1.0,0,Low,4.5394278e-05,0.52056426,False,True
49327.0,1.17451851600628,0.601446087718131,-0.494666466119095,1.11057541800815,0.469543821835125,-0.266455049299638,0.109142155443588,0.0739874062350764,-0.29795978918087,-0.549782459098816,1.71239471809194,0.430828082877597,-0.330194119536884,-1.08648094233309,0.689446634016286,0.606601842924033,0.81540774385605,0.77358582427328,-0.569004771175485,-0.122385545295933,-0.0125762960431686,0.0260282091772495,-0.144431056467765,-0.447732751808922,0.624461507422887,-0.294031700882787,0.0460199262222939,0.0400999984134283,1.0,0,Low,0.015385793,0.99271727,False,True
49624.0,1.26284185284082,1.18752836835104,-1.92362649915904,1.34278622386069,1.24601023049379,-1.04726961076876,0.616627448976054,-0.154016818156162,-0.56266585185133,-1.363241440488,1.68236783885849,-0.37113558039022,-0.653815730311692,-3.11691308163283,0.494103314172841,1.5001682613396,2.18903871079859,2.16889510279249,-0.232742643110617,-0.0357998776282409,-0.219795123143871,-0.592129156283374,-0.316088215473922,-0.837672870819484,0.918383043863261,-0.258449418119942,0.031320427310609,0.0771447244526076,0.89,0,Low,3.902427e-06,0.99050856,False,True
49665.0,1.26284185284082,1.18752836835104,-1.92362649915904,1.34278622386069,1.24601023049379,-1.04726961076876,0.616627448976054,-0.154016818156162,-0.56266585185133,-1.363241440488,1.68236783885849,-0.37113558039022,-0.653815730311692,-3.11691308163283,0.494103314172841,1.5001682613396,2.18903871079859,2.16889510279249,-0.232742643110617,-0.0357998776282409,-0.219795123143871,-0.592129156283374,-0.316088215473922,-0.837672870819484,0.918383043863261,-0.258449418119942,0.031320427310609,0.0771447244526076,0.89,0,Low,3.9218276e-06,0.9905222,False,True
49670.0,0.910925542983458,0.281818765907164,0.449131454251045,2.84501016587923,-0.087553148653628,0.361578201865777,-0.102531011297838,0.257377382809731,-0.468642433345978,0.163649044036953,1.35833973179676,0.601205111168765,-0.689176343385872,-0.986411043468409,-1.19590616903968,0.327590981070241,0.846972755031163,0.0117802739719999,-0.950135496924414,-0.0515890969857947,-0.0101289691459395,-0.0074950779319349,-0.113023641175141,0.13437215635214,0.456723803206675,0.0717497078830272,0.0192975443044545,0.0449832401382473,75.08,0,Medium,1.0206248e-06,0.7806841,False,True
49706.0,1.26110315384067,1.18465527507505,-1.92463567760227,1.3435173007098,1.24512260857246,-1.04694573054929,0.617821731762991,-0.154250416646005,-0.562771859386138,-1.36366062802946,1.68238073329002,-0.371098510541891,-0.653655272353696,-3.11670932521918,0.494216533683127,1.50028696642461,2.18906539318503,2.16907950133375,-0.233030094325184,-0.0339670633823351,-0.219249785386579,-0.592604165541732,-0.316881475025232,-0.837626689589814,0.918052585934213,-0.258545405178429,0.031150375055364,0.0773014304147757,1.79,0,Low,4.177041e-06,0.99071187,False,True
49744.0,1.26110315384067,1.18465527507505,-1.92463567760227,1.3435173007098,1.24512260857246,-1.04694573054929,0.617821731762991,-0.154250416646005,-0.562771859386138,-1.36366062802946,1.68238073329002,-0.371098510541891,-0.653655272353696,-3.11670932521918,0.494216533683127,1.50028696642461,2.18906539318503,2.16907950133375,-0.233030094325184,-0.0339670633823351,-0.219249785386579,-0.592604165541732,-0.316881475025232,-0.837626689589814,0.918052585934213,-0.258545405178429,0.031150375055364,0.0773014304147757,1.79,0,Low,4.1962776e-06,0.99072415,False,True
49878.0,0.865979912640136,0.214476214495258,0.307527261042033,3.01264783152409,-0.205638465798518,-0.260371119984741,0.250474891216575,-0.0983787463221992,-0.369610374058587,-0.0290246523242032,-0.555604615490785,0.357876802534431,0.586168706000879,-1.42972773945782,-0.845587596226189,0.441788174791817,0.681833552800585,-0.0886999192478585,-0.834568772729486,0.20207478476805,-0.0443136052288096,-0.22093863289257,-0.236136841439875,0.324780250734614,0.597540850249858,0.0605859342365589,-0.0006410708449954,0.0720707113415618,150.91,0,High,0.00012669861,0.966515,False,True
49923.0,1.24422362079823,0.307217057237553,-0.141048605762999,0.900855357181813,0.290433041246159,-0.349845007751804,0.327940933777267,-0.246905602466089,-0.134998661416156,-0.0361814511731062,-1.0873752117918,0.497890844317898,1.38364875542856,0.0977878160369484,0.865803647267059,0.290694275345057,-0.85941692869849,0.0363798150087348,-0.0115402204811295,0.0414591296585522,-0.0022923255498219,0.0203418755885118,-0.270559465072057,-0.5755415216279,0.848962556424454,-0.274005135023167,0.0132622157981423,0.0192199813753434,41.55,0,Medium,0.00017360355,0.663161,False,True
50027.0,1.10385847920836,0.548056687730653,-0.412416696443527,1.40073984180558,0.0738821153330888,-1.2014155800747,0.446626845870068,-0.298570503258958,-0.19292954334769,-0.732270953487455,0.226813975717539,0.21619516762232,0.575547251375121,-1.44449899022178,1.03033779481297,0.577885545258169,0.859060047473966,0.532209230925488,-0.649946806873487,0.0838432479060045,-0.0187176451427587,-0.108825042509378,-0.193092638397187,0.267182618375628,0.687287104832428,-0.336576987701257,0.0261433990236876,0.0709122011283829,70.66,0,Medium,0.11684418,0.9779703,False,True
50156.0,1.04996476990875,0.056619892646929,-0.0261953503468399,0.997369497035685,0.0899442478450416,-0.383384801067085,0.434694170738477,-0.268779125224117,-0.19152163270048,-0.110740505680178,-0.81906107318348,0.788090011066738,1.71068552747127,0.0537781598459648,0.89594319639626,0.346891962489353,-0.842289311294294,-0.213341470440436,-0.0253770191118475,0.240923845284708,-0.139802388163134,-0.609225314820231,-0.180542180499899,-0.446458842067701,0.574197917889311,-0.529264644903052,0.0038463274645865,0.0433887592477675,131.16,0,High,0.034781523,0.59650713,False,True
50279.0,1.20465038813309,1.2214696165346,-1.57461863762574,1.535047558326,0.858825049020311,-1.51545440680536,0.645853688677164,-0.216494360272834,-0.644802495164835,-1.36946096179802,2.44912951181092,-0.0089990494161057,-0.629378719253285,-3.10101194207713,0.415251701475423,1.25163686565527,2.47933352034335,1.87900546967272,-0.544887259101863,-0.0514892348426743,-0.163538834297468,-0.426407890461104,-0.216220280587941,-0.0066983226402964,0.813946642948526,-0.310192065380527,0.033485346563524,0.0858939232182904,1.0,0,Low,0.033896994,0.9967373,False,True
50802.0,1.22719508857579,1.13585868547577,-1.73537503459098,1.46754936119641,0.925685085050733,-1.35111097996352,0.566897177140069,-0.135086468799561,-0.461676273295639,-1.33785709942879,1.97223663390886,-0.681794219083749,-1.63091015874942,-2.91001774328948,0.555717031758772,1.39791974748128,2.41948644093989,2.11704554942035,-0.412915167092115,-0.108642527355042,-0.197495057153934,-0.574169840329081,-0.244441076800495,-0.367390218861927,0.822293982570986,-0.2861046474835,0.0261248509966424,0.080259887911904,1.0,0,Low,0.00018139268,0.9966798,False,True
50839.0,1.23814366151819,0.780512949122898,-0.329132522843018,1.3441255357416,0.152113678824311,-1.22639758992756,0.363607778601512,-0.288632832691027,-0.20586014424623,-0.703860002677008,0.254153864825249,0.288059084314857,0.699232550683826,-1.48721685875951,1.00612936276835,0.560650046952534,0.851178282154125,0.499309365302532,-0.630714277794943,-0.0494137806079059,-0.0589860254074385,-0.0598115324162943,-0.13265395193247,0.272916911318243,0.716762294679418,-0.329950934110516,0.0402088152829905,0.0591338102860799,1.0,0,Low,0.002809588,0.55650705,False,True
50852.0,1.26284185284082,1.18752836835104,-1.92362649915904,1.34278622386069,1.24601023049379,-1.04726961076876,0.616627448976054,-0.154016818156162,-0.56266585185133,-1.363241440488,1.68236783885849,-0.37113558039022,-0.653815730311692,-3.11691308163283,0.494103314172841,1.5001682613396,2.18903871079859,2.16889510279249,-0.232742643110617,-0.0357998776282409,-0.219795123143871,-0.592129156283374,-0.316088215473922,-0.837672870819484,0.918383043863261,-0.258449418119942,0.031320427310609,0.0771447244526076,0.89,0,Low,4.527142e-06,0.9909079,False,True
51008.0,1.13923976921737,0.552942139442223,-0.165599652508104,1.19680291798798,0.146210937413488,-0.526310082455314,0.0999106336177415,0.0456438304760574,-0.312636403068403,-0.43234782576494,2.09094067147495,0.623821551499818,-0.476152692835567,-0.754694992346748,0.629023223451603,0.363137863249277,0.79208873253522,0.483578425125811,-0.726303127630062,-0.152402609663319,0.0371944409630698,0.160588397120207,-0.0733705171124285,0.107206049974381,0.55103073304661,-0.326897920101067,0.0428303635894575,0.039068972215786,1.0,0,Low,0.01734473,0.9895223,False,True
51093.0,0.137802760095172,-1.48630144693597,-0.0501839412621591,2.01652881995974,-1.09328989195576,-0.246553591378133,0.406183095128774,-0.104112477183098,0.812736033233105,-0.918395730217764,-0.687784688896068,0.204869428690552,-0.37244163277318,-1.29158504316942,-0.352730236870545,0.0394771642957044,0.925018143713677,0.343658427008127,-0.31180488409796,0.935188601111336,0.21301453294833,-0.287138572107581,-0.59441306855317,0.343493058178013,0.473324647429629,-0.331592791314348,-0.0300720311438237,0.143128988528989,537.6,0,Critical,0.34201244,0.99583733,False,True
51642.0,1.14246255471643,0.646896778986944,0.459885514349629,2.89854489273436,-0.0924463165786437,-0.314905153686614,0.0358955913617409,-0.0400552540076056,-0.300964710577852,0.0477240394961742,-0.612907742308542,0.168944167283331,0.214774700539499,-1.39343087046804,-0.825216788440616,0.438301934783634,0.698495573964284,-0.0764619261263052,-0.787924620029193,-0.11147861590439,-0.1349361256681,-0.17382921255743,-0.104459617809035,0.326244779211494,0.638225974901151,0.0761162016654178,0.0240919682653753,0.0465520137943477,7.6,0,Low,0.13434516,0.9620855,False,True
51733.0,1.23799209623857,0.765539175441606,-0.333430024441269,1.34613400042097,0.133667603405389,-1.23131515396626,0.349584859156796,-0.276890447893756,-0.174564151698832,-0.697789332563057,0.218905667574903,0.178133328704546,0.49254243274021,-1.44608296221582,1.02880681216334,0.570345460482165,0.862989463238298,0.524667759168165,-0.629318791052722,-0.0626565230185898,-0.06136246047987,-0.0767389808014046,-0.130173060013842,0.267257915000884,0.709768822540581,-0.329258300863714,0.0388576315631873,0.0586899064141647,1.0,0,Low,0.47494054,0.98921585,False,True
51903.0,0.915373052578116,-0.055289279356746,0.266529863058476,1.73634492154601,-0.538658692489132,-0.43760190431071,-0.0509324972437329,-0.0488353405643687,0.71898563981042,-0.919745729491448,-0.431550067498495,0.551023920064222,0.359792532580184,-1.95434125632593,-0.452886399968601,0.077722655495215,1.17916663040386,0.337173879467731,-0.248929773173693,0.177760905996874,-0.0443440591787165,-0.0664260780811962,-0.254863093838614,0.310650595405101,0.649801806251542,-0.291106640552837,0.0565144304501988,0.0835128616694838,133.8,0,High,0.44732955,0.9989504,False,True
52065.0,1.29731026806871,0.422211413788238,-0.0324748552747452,0.912380173883328,0.246327722197889,-0.456398444672386,0.290197071899186,-0.251584800802972,-0.149657012607044,-0.0221887228211269,-0.930391101381984,0.57679172001569,1.39571488069938,0.0907984324726809,0.844179050636651,0.235336579948553,-0.802391119537874,-0.0307944049695142,-0.0640994877296578,-0.0292461591851458,-0.0110950865250219,0.0726842835473188,-0.220907984815696,-0.408675227976744,0.840589791175167,-0.280943750084909,0.0201295464009905,0.0151738666160162,8.0,0,Low,0.00016041697,0.80443555,False,True
52556.0,1.1511019353887,0.562179245389643,-0.372031343501278,1.19350080228877,0.251734247479527,-0.468586119572265,0.0711711974641726,0.0907473174201078,-0.220014484093938,-0.530810352362481,1.89071349896664,0.186126003246326,-1.04939166286607,-0.93516814549838,0.738286991043004,0.542698189551361,0.971623760180768,0.748587516024989,-0.687261936565892,-0.175362738718011,0.0012198291082889,0.0317652612632521,-0.0962304860723979,-0.139735214139477,0.558599801930646,-0.312005585818174,0.0421179749006697,0.0419801200722885,1.0,0,Low,0.0008263068,0.97519726,False,True
52743.0,1.18773859243306,1.23090982778038,-1.48749476747501,1.58338669987532,0.767106067312269,-1.63020669035639,0.65950548596519,-0.23633581068386,-0.675900308320196,-1.373628238698,2.6522836200258,0.118138017301068,-0.554041660138503,-3.11049198114634,0.388158995566021,1.18653817894017,2.5478784186492,1.7984470286337,-0.623660855793284,-0.0484121262151294,-0.147940008485113,-0.380061869416975,-0.193236617037348,0.202648878150681,0.789753140232347,-0.323471808683975,0.0342382632938909,0.0884455795504883,2.29,0,Low,0.00059425645,0.81286496,False,True
53087.0,1.24669832533935,0.195093092890234,0.329175544916613,1.28656075569588,-0.0213849279938146,0.0375804892846685,-0.0143739276947072,-0.0784792299796428,0.43108235069445,-0.146290051909841,-1.4495036091364,0.707363410738941,1.00304111412926,-0.382250071030504,-0.501082635919737,-0.207218303660605,-0.356889043957457,-0.238181391822769,0.271198346393151,-0.0657051432254281,-0.102882624972278,0.002540667262379,-0.238808446333157,-0.395203959495051,0.882401855126328,-0.22335407767598,0.0426388838106551,0.0160800732995854,9.99,0,Low,0.26536617,0.99434775,False,True
53154.0,0.0353772219296147,0.746276396659538,0.764141101020861,1.39562241772061,-0.204618881385037,1.23442694197581,-0.245453329524461,-1.50074107791545,0.163650484221277,-0.153116181366656,-1.3001989611627,0.396708324326373,0.351842560857563,-0.0780572119315318,0.244928006888319,-0.802757320014654,0.403115589712997,-0.438567094893051,0.762743926098538,-0.28747133800211,1.4508109710665,-0.403028626467001,-0.149406760176761,-0.729500846681169,1.05506132190164,0.0066378090911823,0.292215403273687,0.203766838156725,72.8,0,Medium,8.63868e-05,0.78406286,False,True
53198.0,1.11952433925314,0.677783085084321,0.606080923115259,2.9744297905175,-0.229518848524803,-0.502521279318041,0.064446330324454,-0.0799587282665206,-0.368942346825937,0.0385063373782469,-0.268755632780604,0.438497696323762,0.459799028553768,-1.43379049753393,-0.883137365746532,0.328309720863936,0.800424279710012,-0.220861723844012,-0.913320065909655,-0.103285733205103,-0.109879770261562,-0.0878085444112506,-0.0683536311177108,0.647936215876263,0.604522253631831,0.0554790326479721,0.0265948779321038,0.050380964267114,7.58,0,Low,9.995583e-07,0.5070842,False,True
53200.0,1.17656419384896,0.542117129762353,-0.49509712450915,0.758432758066045,0.230745483120478,-0.786788110607236,0.2147274025814,-0.0290976943404928,-0.400814571697741,-0.579707761271577,2.24669117866978,0.544640963661999,-0.517069550268529,-1.002571328502,0.536427848716094,0.408873168793545,1.15494125878723,0.281372280351885,-0.509814601400441,-0.116014547233324,-0.0645424350807711,-0.145095578171677,-0.0376950976359452,0.104381351149668,0.430897960242909,0.369501487730069,-0.0196385318179448,0.0307294994444846,0.76,0,Low,0.005567129,0.9758705,False,True
53586.0,1.13703592724135,0.61067636225402,-0.273433480519327,1.23610564943584,0.204328366502879,-0.572328315347564,0.115831334795259,0.043841793650891,-0.323984335726669,-0.54854169071893,2.17609491874713,0.56970336627162,-0.492007651622642,-1.04091932736244,0.658117955247229,0.454806727311947,1.01257099120298,0.60859518472368,-0.768879655581615,-0.144012931551335,0.0215820193041985,0.118289508476286,-0.0778985649750606,0.0827501182961426,0.551198057236721,-0.326763891913663,0.0462673952097618,0.0453429402265141,1.0,0,Low,0.47436756,0.99849653,False,True
53650.0,0.546879064916333,-0.908644682610458,0.308921835717616,1.44582546223049,-0.591703311872836,0.392003726621628,0.12771949621671,0.135162441934169,0.311601625244571,-0.180058734310727,1.04510549601825,1.19224440139891,-0.330567709563893,0.187449345341269,-0.812070414634804,-0.49893939946019,0.063785572546293,-0.259799096106346,-0.144122888536367,0.402856020893951,0.194513852180012,0.147834681631556,-0.362474889025222,0.0506916615014994,0.529660510944785,-0.305267223862757,-0.0039912841789022,0.0585753678446968,298.75,0,High,0.00029724176,0.9970535,False,True
54952.0,1.00466613173173,-0.0632403138319338,0.216715779839359,1.2583526485167,0.0186522566720315,0.357090242892906,0.074291627598641,0.116696765615918,0.0036229180129112,0.0028725703572311,0.917689594629276,1.26045700491135,0.129511806068779,0.204619618084235,-0.792376115520585,-0.435084493998784,-0.119315831810599,-0.395585476489092,0.019948245415924,-0.0036147502329128,-0.0243729243205884,-0.0189314881789031,-0.182840037153154,-0.288888207594506,0.659117785294092,-0.317998600483301,0.0238043301301184,0.0156457293932783,81.0,0,High,5.138725e-05,0.6140015,False,True
54959.0,1.17666523736871,0.552099645549881,-0.49223212344365,0.757093781613134,0.243042866733093,-0.783509734581434,0.224076015544544,-0.0369259508720067,-0.42167856672934,-0.583754874680878,2.27018997683667,0.617924800735539,-0.379276138306118,-1.02999392619779,0.521309549119438,0.402409559773791,1.14706713806444,0.264466684441463,-0.510744925895255,-0.107186052292868,-0.0629581450324835,-0.133810612581604,-0.0393490255816975,0.10815401536124,0.435560275002134,0.3690397322322,-0.0187377426714093,0.0310254353590947,0.76,0,Low,0.055455886,0.9972371,False,True
55131.0,1.16015899453469,1.2956609655653,-1.38401234849657,1.72035260360134,0.809506327061681,-1.65153797554799,0.752791218330732,-0.314891201287228,-0.571677188417248,-1.61327191183505,1.61366730640666,0.0760271088015334,0.305451631551255,-3.42798279792661,1.22341691976097,0.562330074471248,3.14771717956639,0.643090386674728,-1.40180989353938,-0.0422067303980768,-0.139123365565022,-0.249269690451094,-0.123138284003976,0.29694656369343,0.731129146429558,-0.29978697079006,0.0600632060943692,0.100806518370441,4.8,0,Low,0.020832747,0.9616033,False,True
55478.0,0.816081564970823,-0.572548697898311,0.65824773011963,1.3104122945201,-0.499799197733165,0.785779333799097,-0.314810221203839,0.281396690089326,0.589774595213462,-0.181587589899428,0.687867305286164,1.31186499660939,0.0368601440132048,-0.15923158618226,-0.988513224398022,-0.387928542939729,-0.0537722808802806,-0.121622830227269,0.023552054815809,0.149913979112282,0.106868871968343,0.281627168632114,-0.271084711274591,-0.257059145890874,0.567829969290636,-0.260929905971195,0.0435953539884122,0.0369976772993952,158.32,0,High,0.00039767878,0.9887165,False,True
55565.0,0.797792978340317,-0.365141288025493,0.243920673770723,1.52997818620314,-0.456570547220386,0.158999843763897,-0.115682955791341,0.109545152031441,0.495035790120675,-0.608964604241579,0.84936000070338,1.1989287309533,0.343061341384186,-1.3545618038588,-1.16174748669177,0.247558685321187,0.498401459090848,0.775381994152823,0.208379329365275,0.292573991601108,0.0393540983650324,0.0163340771369574,-0.347266234302102,-0.034797330911959,0.64338859056535,-0.293886707900468,0.0373699786723535,0.070136498696083,186.04,0,High,0.00034926305,0.93828917,False,True
55972.0,1.26284185284082,1.18752836835104,-1.92362649915904,1.34278622386069,1.24601023049379,-1.04726961076876,0.616627448976054,-0.154016818156162,-0.56266585185133,-1.363241440488,1.68236783885849,-0.37113558039022,-0.653815730311692,-3.11691308163283,0.494103314172841,1.5001682613396,2.18903871079859,2.16889510279249,-0.232742643110617,-0.0357998776282409,-0.219795123143871,-0.592129156283374,-0.316088215473922,-0.837672870819484,0.918383043863261,-0.258449418119942,0.031320427310609,0.0771447244526076,0.89,0,Low,8.298499e-06,0.9924009,False,True
56050.0,0.962552540253856,-0.123668735150312,0.191440335106817,1.27252772158538,0.0146264458172108,0.376708582482278,0.111712604171666,0.105031700116815,-0.0199538626156941,-0.011547361713902,0.94016141871198,1.3333770090144,0.271554187465914,0.181885180871864,-0.803797763915677,-0.437807082590255,-0.127370140313728,-0.406927381023644,0.0126269264096371,0.0505841653722038,-0.0096465336030354,-0.0205308833030903,-0.203341224062105,-0.271273457768521,0.656191473921437,-0.321372511134144,0.0204546178165715,0.0198897545505127,102.99,0,High,0.00012492003,0.89311326,False,True
56344.0,1.2375374003997,0.72061785439773,-0.346322529236022,1.35215939445907,0.0783293771486231,-1.24606784608237,0.307516100822648,-0.241663293501944,-0.0806761740566385,-0.679577322221203,0.113161075823866,-0.151643938126386,-0.127527921090639,-1.32268127258475,1.09683916034829,0.599431701071057,0.898423006490814,0.600742940765067,-0.625132330826059,-0.102384750250641,-0.0684917656971645,-0.127521325956735,-0.122730384257956,0.25028092604881,0.68878840612407,-0.327180401123306,0.0348040804037776,0.0573581947984193,1.0,0,Low,0.48091775,0.87956846,False,True
56527.0,1.30205826287162,0.420241635914856,-0.032525369793003,0.911680258234821,0.236505817499212,-0.460580086643597,0.277517736941362,-0.243105064038675,-0.128497374339478,-0.016972541935086,-0.953925860685701,0.503404499254032,1.25747396932078,0.117652776170388,0.858981593599067,0.241469133675679,-0.794591413026168,-0.0144030761019375,-0.0623674937364389,-0.0431861694114058,-0.0142002629853121,0.0627240660000009,-0.217041744121291,-0.412576686506619,0.836849086862508,-0.280214297346149,0.019703014099638,0.0144408951846928,5.49,0,Low,0.2961091,0.9684892,False,True
56689.0,1.1513040224282,0.582144276964699,-0.366301341370277,1.19082284938295,0.276329014704756,-0.462029367520662,0.0898684233904604,0.0750908043570801,-0.261742474157136,-0.538904579181083,1.93771109530043,0.332693677393407,-0.773804838941246,-0.990013340889964,0.708050391849691,0.529770971511853,0.955875518735205,0.714776324204143,-0.68912258555552,-0.157705748837099,0.0043884092048642,0.0543351924433991,-0.0995383419639026,-0.132189885716333,0.567924431449095,-0.312929096813911,0.0439195531937406,0.0425719919015087,1.0,0,Low,0.07800982,0.9986577,False,True
56879.0,1.16280693741369,1.08174077623653,-1.53283552386783,1.60813119369021,0.619674427251255,-1.66183166763347,0.573032417551642,-0.153425288148053,-0.447848666199493,-1.33485286051371,2.39397349390187,-0.68747633358577,-2.06757091770048,-2.80605194362553,0.556011398420152,1.25926413782205,2.63485929529404,1.9869348436636,-0.617365367989905,-0.120416015391235,-0.157896071741381,-0.510704117747296,-0.185911065487016,0.161782254669872,0.733940404252922,-0.319707520908696,0.0219998667851456,0.0873371561714808,14.62,0,Low,0.19081946,0.76517934,False,True
57244.0,0.283416102131131,-0.713863397505343,0.0681842895597907,3.15425474193155,-0.613298011865813,-0.0707457127040774,0.428531745185198,0.0635005742686107,-0.528338683524292,-0.0248083571181523,1.2610755204887,0.250995848180253,-1.06276793679347,-0.988555430584762,-1.06646813977155,0.939961378536046,0.684484329056265,0.527372870527981,-0.697338422595048,0.664359927756923,-0.0567510038252966,-1.06397968764783,-0.278175221950344,0.399262516709207,0.138237644458215,-0.251091007349484,-0.0623413564791396,0.118642178339313,420.0,0,High,0.08887449,0.9659058,False,True
57376.0,1.18760634603122,1.21596797735771,-1.49178105597945,1.58538704147859,0.748669854359139,-1.63512785306419,0.645469296711731,-0.224590830347814,-0.644603137911301,-1.3675529109447,2.61703527950399,0.0082118498035533,-0.760733560948319,-3.0693603485628,0.410835186966446,1.19623227352441,2.55968930326241,1.82380337362665,-0.622262175148679,-0.0616752332285456,-0.150322502865959,-0.396984039921436,-0.190746911123705,0.196989368708549,0.782763339848277,-0.322778108914301,0.0328889690435904,0.0879999345012157,2.28,0,Low,0.07434884,0.98878014,False,True
57460.0,-0.0018135760027456,-2.00168268459225,0.0106519569286309,1.58391371563547,-0.787534578739296,1.13998100196308,0.231631593986258,0.212030019225825,0.618584967174063,-0.373517426713519,0.309793999761992,1.01599614121814,-0.189212462803675,-0.0090138758236009,-0.86706400323709,-0.208253187964654,-0.150652141790863,0.130158753115465,0.0222539419256264,1.02665480406369,0.343389803007393,-0.0449644481544847,-0.69574141974672,-0.605013822297,0.443213767899548,-0.283928425320897,-0.0417196106741108,0.108536023195964,594.66,0,Critical,0.040253837,0.9872236,False,True
57545.0,1.17707601030142,0.578650670162681,-0.37680513437862,1.0665862689751,0.454467235389886,-0.208962500317082,0.125941599637074,0.0483905451999444,-0.3596358391332,-0.447753491077379,1.7094862644039,0.741439697863187,0.167937781118629,-0.896235699252675,0.607437853632363,0.492310347292224,0.567366062658556,0.589399478988932,-0.529684378955781,-0.0998754911163204,0.0085811407847095,0.107824477386428,-0.145691756415266,-0.410072495390181,0.640612284890062,-0.29578187331273,0.0457356566148637,0.0348618061038354,1.0,0,Low,0.00024629882,0.7110693,False,True
57590.0,1.21359269469191,0.145621771478371,-0.43914590976891,0.596788880149184,0.53659670185523,0.773630936954673,-0.267770921455437,0.255764594017261,0.372581698505714,-0.65629199268663,0.375347049707284,0.688296757150672,0.265828611424052,-1.48221876630527,-0.618022960497255,0.389563408389371,0.651205821916878,0.487084043012014,0.424627333240518,-0.0343272528254596,-0.187960696324953,-0.274350054945356,-0.248692392802496,-1.39446245636808,0.636894028153223,0.507221028631848,0.0146328828209226,0.0160138312456954,10.7,0,Low,0.00278056,0.99452025,False,True
58308.0,1.1474570492018,1.22180649843989,-1.50420679298623,1.52767136419219,0.998720800687052,-1.1487034198223,0.612932826096293,-0.124955848030048,-0.752994785211227,-1.43141438790017,2.95605461993023,0.461497585333502,-0.0882884410022246,-3.17913599996505,0.58665323528564,0.871219917010953,2.79834059520819,1.28976311540067,-0.984789071179112,-0.0516641222841598,-0.115531756141235,-0.225262826151943,-0.168448552840115,-0.0955670440502501,0.733874470327837,-0.295245365043683,0.0541403167383662,0.0858497570451148,1.0,0,Low,0.0070360666,0.94028157,False,True
58311.0,1.23843378182042,0.770434107292151,-0.33430628493718,1.34415449368415,0.142584052044204,-1.22648390906163,0.354189358161155,-0.280489980145131,-0.184724560153486,-0.699825837778407,0.225815946717206,0.213325961361658,0.563127805426232,-1.46026973663876,1.02157460471687,0.568697771678705,0.856994830763396,0.517936783832006,-0.627698082865962,-0.0580165747271082,-0.0609267875571396,-0.0720593259124226,-0.131694349125809,0.263608191199137,0.71286454854072,-0.329147589374362,0.0393054435796427,0.0587831596565697,1.0,0,Low,0.17135,0.9851555,False,True
58327.0,0.751714288394435,-0.688816069320569,0.619183578846033,1.33986405993327,-0.547564790810392,0.789260888591504,-0.278892423283691,0.279017831093812,0.607107035096963,-0.192946667220771,0.661348938986954,1.2397742666373,-0.0936307548609602,-0.124448396985542,-0.969805407752186,-0.376325432750139,-0.0461354671373932,-0.0972247394042496,0.0152905762675136,0.208597746643432,0.125306103297576,0.253066500103138,-0.300036869925241,-0.277371345373983,0.551208701911686,-0.263114410610402,0.0364899384560938,0.0423311305685284,191.65,0,High,0.00032254594,0.9830819,False,True
58384.0,-1.87309192053217,-5.18470401490861,-1.75751793201099,0.689146804969525,-2.1225619189006,-0.196717999540452,1.82184478240258,-0.410614638435362,1.40844417044755,-2.31056510546381,0.109122696668172,0.456853356294609,-0.273879516753121,-0.70290956683372,1.671934680366,-0.376286962511623,1.22905935667401,0.466034683832794,-0.394918678199289,3.10436708362971,0.923261216545193,-0.694579682062813,-1.49605608595707,0.0671011332646753,0.0040135696032903,-0.764750188605247,-0.201500561393831,0.326814317330785,1602.0,0,Critical,4.3592263e-07,0.86258453,False,True
58494.0,0.725387233499906,-0.39893335479642,0.445097129022453,1.60675585882734,-0.550337694037057,0.307053054890776,-0.200902827277048,0.224690785167568,0.48605040702986,-0.645594047297056,1.51721976154142,1.35396719214659,0.024316301061034,-1.25423518126134,-0.92822826925221,-0.19333507356091,0.984250808013444,0.174316207648924,-0.350085620166644,0.220329880051693,0.097300283155485,0.216621293637339,-0.245390705461117,0.173143062912172,0.493245960683461,-0.295731988269509,0.0541970628087095,0.0708040864545634,181.4,0,High,0.07591568,0.99874973,False,True
58614.0,1.17482164656553,0.631393635080715,-0.486071462922594,1.10655848864942,0.50643597267297,-0.256619921222233,0.13718799433302,0.0505026366405349,-0.360551774275666,-0.561923799326718,1.78289111259263,0.650679594098218,0.0831861163503479,-1.16874873542047,0.644091735226317,0.587211015864771,0.791785381687705,0.722869036542013,-0.571795744659927,-0.0959000604745649,-0.0078234258983055,0.0598831059474701,-0.149392840305022,-0.436414759174205,0.638448451700561,-0.295416967376392,0.0487222936619003,0.0409878061572586,1.0,0,Low,0.016778715,0.9030962,False,True
58891.0,1.15370995144371,0.544375085727958,-0.252737511228053,1.14884216502927,0.242806352840594,-0.409454382576808,0.0926449481392305,0.0612363281192189,-0.292122531562067,-0.430804941045696,1.89955444436204,0.533379536768686,-0.482363056229349,-0.75863420126586,0.648719060860752,0.425174889409675,0.719645018621884,0.55594837278543,-0.648406706593595,-0.148438437068171,0.0231694109603109,0.119204012267467,-0.0983181499927753,-0.10018862561495,0.577081736777433,-0.313986635997051,0.0422840998665073,0.0368898957200007,1.0,0,Low,0.022123676,0.99394614,False,True
58954.0,1.23804261799844,0.77053043333537,-0.331997523908519,1.34546451219451,0.139816295211697,-1.22967596595336,0.354259165638368,-0.280804576159513,-0.184996149214632,-0.699812889267707,0.230655066658352,0.214775247241316,0.561439138721415,-1.45979426106371,1.02124766236501,0.567113655972287,0.859052402876907,0.516214961212954,-0.629783953300129,-0.0582422755483618,-0.0605703154557262,-0.0710964980063678,-0.131000023986718,0.269144247106671,0.712099979920193,-0.329489178612648,0.039308026136455,0.0588378743714698,1.0,0,Low,0.13170937,0.98499,False,True
59343.0,-0.459250982905755,-2.53373932152099,-0.92994035833919,1.82210429188493,-0.702817959564991,0.400781619517881,1.16974031634019,-0.0808704175108134,-0.10602680182174,-0.238488204476271,0.793669882718216,0.377439815258747,-1.21912120094322,0.88379997992371,-0.197349875013718,-0.208944729823742,-0.110786877060924,0.0349935855381794,-0.336853914714528,1.47035719713684,0.521795617576598,-0.317476623861005,-0.902055512129505,-0.268807900461438,0.429160763091451,-0.314884062722122,-0.146352397606831,0.141781208578387,850.0,0,Critical,2.0862532e-07,0.60293657,False,True
59358.0,1.1763181839033,0.503781801756221,-0.398292642369875,1.07662859237194,0.362236858295275,-0.233550320510594,0.0558270024134951,0.107102469186298,-0.20315587639621,-0.417400140507623,1.53324527815217,0.191810919811634,-0.865512808599452,-0.690566216534233,0.720825100607286,0.540787414940379,0.626421968079418,0.716191448317101,-0.522706945244676,-0.16608920316974,-0.0033010345774479,0.0231872354608764,-0.133287296822123,-0.438367476976973,0.605644924195877,-0.292318707078717,0.0389797380158476,0.0326422867442598,1.0,0,Low,0.00015858994,0.9341042,False,True
59452.0,1.17446799424641,0.596454829824367,-0.496098966651846,1.11124490623461,0.463395130028818,-0.268094237312539,0.104467848962016,0.0779015345008333,-0.287527791665071,-0.547758902394165,1.70064531900849,0.394186164340827,-0.39909082551809,-1.07276964348519,0.697005783814615,0.60983364743391,0.81934480421744,0.782038622228491,-0.568539608928078,-0.126799792766161,-0.0133684410673124,0.0203857263822128,-0.143604092494889,-0.449619083914708,0.622130350043274,-0.293800823133853,0.0455695316490261,0.0399520304561233,1.0,0,Low,0.033669904,0.9943663,False,True
59672.0,0.092285832114706,-1.90891981270215,-0.483797164625631,-0.226791216805742,-1.15735391071812,-0.371913086907604,0.313638115483249,0.0121290240542488,1.30311961070359,-1.64560104377595,1.92376207052851,1.01151240888562,-0.877639008606484,-0.672113658387114,0.85748247719113,-0.363256141251924,1.03804226951891,0.717060485816108,0.15450399538192,0.95755325578009,0.350452021728875,-0.016406376346562,-0.556958947357982,0.155310804653213,0.321217245917191,-0.682136464235207,-0.0091543972749503,0.135746364742573,554.94,0,Critical,3.789533e-07,0.99995697,False,True
59702.0,1.18071040061049,0.217625113081989,-0.0777422393325127,1.16592491300569,0.0718590027589055,-0.575507406351555,0.421920403650428,-0.267536770128645,0.0322855458346937,-0.105641757715769,-0.94333524485625,0.573505385580264,0.715300688564463,0.0856289769403222,-0.0115042459570328,-0.302144630885895,-0.319424387408606,-0.350431648628117,0.0906511107591486,0.0021368399583563,-0.0272417171788094,0.0127279830487597,-0.265724658729931,-0.0742314067337524,0.918869307294322,-0.253489407094106,0.0053239772285142,0.0190749616837449,54.6,0,Medium,0.35462368,0.87808293,False,True
59942.0,1.08072049777408,-0.15412954685825,0.591848515754226,1.26196410486541,-0.0650824229333079,1.09824780178325,-0.426295216188641,0.330241484536071,0.57485801220732,-0.115421144637755,0.208560721382909,1.4000202465604,0.444333847146299,-0.356608342935044,-1.40612214188476,-0.406887608785212,-0.144818379773769,-0.191463101189915,0.332543590752104,-0.0677782321131774,-0.0641026052913098,0.123736923398504,-0.217487632331145,-0.767600897386721,0.7039052873348,-0.228666815487972,0.0669266363565549,0.0100907218393678,36.0,0,Medium,0.0146508515,0.6902452,False,True
59965.0,1.17416486368716,0.566507282461783,-0.504693969848348,1.11526183559334,0.426502979190974,-0.277929365389944,0.0764220100725848,0.101386304095375,-0.224935806570275,-0.535617562166262,1.6301489245078,0.174334653120206,-0.812471061405322,-0.990501850397818,0.742360682604584,0.629224474493172,0.842967166385785,0.832755409959759,-0.565748635443636,-0.153285277587528,-0.0181213112121754,-0.0134691703880078,-0.138642308657632,-0.460937076549425,0.608143405765601,-0.292415556640248,0.0428671642094197,0.0390642227122931,1.0,0,Low,0.011054871,0.9987832,False,True
60014.0,-0.6826138898986,0.653217144986801,-0.990887277187093,2.07494581992305,-1.07368195926756,-0.746210979013281,1.67031630977365,0.161708712379106,-0.56871119581135,-1.16743759367944,0.0161716014307226,-0.3182462724169,-0.446824100839088,-1.55691966994999,0.436256152288385,0.0220502463765367,2.10038562641658,0.857678591828924,0.23279710398242,0.801189874781422,0.192886128756322,0.102921233963205,0.895263490006581,0.485670024613796,-0.135019086674343,-0.281882423449688,0.0895685374143102,0.0802151328392581,371.48,0,High,4.9292976e-07,0.69663596,False,True
60020.0,0.0347729184632876,-1.71684910828845,-0.653821920665871,1.51795458961469,-0.65441887441204,-0.430369919777933,1.05710916732589,-0.360985024397441,-0.0418603835577805,-0.28205632637274,-0.880859770117982,-0.0140234574107618,0.109161028137908,0.522557035290791,1.0507586094621,0.295135279946932,-0.596483952211885,0.167564033292053,-0.373920844827332,1.18199740910802,0.38227769029372,-0.320920571115463,-0.733236407888637,-0.110041096403804,0.518927458502877,-0.363633149826794,-0.109591228689287,0.127126202951342,650.0,0,Critical,0.08850153,0.81453747,False,True
60053.0,1.23758792215957,0.725609112291494,-0.344890028703272,1.35148990623262,0.0844780689549305,-1.24442865806947,0.31219040730422,-0.245577421767701,-0.0911081715724378,-0.681600878925854,0.124910474907314,-0.115002019589616,-0.0586312151094333,-1.33639257143265,1.08928001054996,0.59619989656118,0.894485946129424,0.592290142809855,-0.625597493073466,-0.0979705027804135,-0.0676996206730207,-0.121878843161699,-0.123557348230832,0.252167258154596,0.691119563503682,-0.32741127887224,0.0352544749770453,0.0575061627557244,1.0,0,Low,0.40542445,0.90296453,False,True
60337.0,0.996198590472295,-0.0631629305127285,0.21237240578162,1.25773220401882,0.0379259656368155,0.372089684921209,0.0933107132478695,0.105631213782574,-0.028337558986687,-0.0054712835896642,0.951661668723999,1.36930265570402,0.337350489125397,0.164236855320102,-0.813544566251633,-0.443332533131525,-0.13182276367536,-0.418943168570524,0.0177159604081511,0.0195843686909843,-0.019391525911451,-0.0057101660604357,-0.188840650704673,-0.270279449644923,0.664907812841205,-0.319748705608535,0.0241907998550713,0.017009815083258,85.6,0,High,1.9586423e-05,0.8146507,False,True
60457.0,1.26291023009024,1.16801026239669,-1.92919951797665,1.34535045370109,1.22155353778966,-1.05387674418783,0.597744445727354,-0.13832396755027,-0.520921371727162,-1.35508200671851,1.63536823672424,-0.517709020958152,-0.929427514363313,-3.06209958168337,0.524322301442332,1.51307701414366,2.2047828016507,2.20267761039581,-0.230837279487612,-0.0537419719474048,-0.223048533558247,-0.614625197134443,-0.312656963652214,-0.845225382989466,0.909109818911553,-0.257510975803997,0.0295453015905761,0.0765284761403835,0.75,0,Low,3.3917277e-06,0.9476326,False,True
60552.0,1.18333687404195,1.20891293720222,-1.49425914971228,1.58718224129697,0.746490249418979,-1.63433254719194,0.648401924444098,-0.225164444417316,-0.644863445302331,-1.36858224924096,2.61706694249697,0.0083028768755612,-0.760339547518129,-3.06886001336927,0.411113203763925,1.19652376045537,2.55975482334467,1.82425617448908,-0.622968027575562,-0.0571746560247101,-0.148983395706387,-0.398150451544739,-0.192694804021921,0.197102769283629,0.781951882044726,-0.32301381046903,0.032471396283489,0.0883847346972064,4.49,0,Low,0.17178224,0.9893143,False,True
60848.0,1.24014541645471,0.702813694736045,-0.227028696962796,1.30750075719956,0.0694014825096905,-1.18693610908691,0.328989851497706,-0.271174282802833,-0.152784221524767,-0.579571910904417,0.122002021219269,0.195609595395974,0.439500685546079,-1.14614732835223,1.00727123016604,0.481908400929371,0.646444264931931,0.408103797525507,-0.586277100853762,-0.0754604486008013,-0.0465421838451426,-0.0400825749525205,-0.124818048178333,0.289827514573336,0.707270340970857,-0.329161451302183,0.0349702053696152,0.0522679704461315,1.0,0,Low,0.05548863,0.88727874,False,True
60923.0,1.11741915782528,1.11535241162923,-1.62962643474592,1.4381122242894,1.21837728801311,-0.577976046195425,0.480164581554355,0.0694674027795623,-0.632794257185064,-1.45426507277762,2.88049635113701,0.09491793586045,-0.804058529127339,-3.01696507897791,0.936117098523458,0.66639770504076,3.05074886079793,0.988583051512456,-1.26889042956919,-0.124672341741754,-0.108949749309566,-0.205152881089478,-0.153809177502958,-0.626651854435359,0.661634140849594,-0.250568243633841,0.0658416161605533,0.0788063084414129,0.79,0,Low,0.025701666,0.98677105,False,True
61069.0,1.27128243721545,0.226518869595618,0.297070652056632,1.1127221752961,0.0925943562014578,0.143905098030352,-0.0057715157336174,-0.101432926741988,0.420168747027335,-0.225658543197675,-1.47948738979952,1.05708536072509,1.75705306424917,-0.54866299036653,-0.50632415283728,-0.198817232983895,-0.463034067263285,-0.26137381042624,0.394605405386816,-0.0219694466730959,-0.129549766586481,-0.0253153816681418,-0.250475309322192,-0.584456006559107,0.904605111179994,-0.255659673615676,0.0517513301014112,0.0158617795792029,5.0,0,Low,1.0231401e-05,0.9983176,False,True
61151.0,0.879933988209233,0.0769289662338787,0.699330732064709,2.60866300547229,-0.0956135423154011,0.579000812018166,0.0341567196328113,0.192084255372394,-0.684112654034307,0.604144802661646,1.09388411297624,1.1611257673633,0.215456467904773,0.104481875595894,-1.18683509929161,0.0775582075052767,-0.19768174598754,-0.651839660360866,-0.688759637956933,0.0400277574455102,-0.0774400082837409,-0.311554964932388,-0.0565836118583561,0.0177682967885763,0.365971373856147,-0.0910606925214261,-0.0019424097234053,0.0273926283470005,107.14,0,High,0.012986568,0.9983322,False,True
61157.0,1.11535916657266,0.198786781522098,0.130704441564696,0.911712400833412,-0.0940444753325933,0.0127974867399952,-0.216935640405074,0.152815532247734,0.232769078509203,-0.668168057161191,1.64073598733279,1.2983258524913,0.335389331354511,-1.46174240412232,-0.749829203103554,-0.0197471761878801,1.12648998308066,0.0078553265951023,-0.0890651288990748,-0.054804517305809,-0.0943694585739238,-0.0013111757101871,-0.085416845328399,-0.0134120093418881,0.465964545279727,0.42125616024709,0.0180180096972254,0.0308415925447529,12.31,0,Low,0.088628024,0.90425646,False,True
61377.0,1.26284185284082,1.18752836835104,-1.92362649915904,1.34278622386069,1.24601023049379,-1.04726961076876,0.616627448976054,-0.154016818156162,-0.56266585185133,-1.363241440488,1.68236783885849,-0.37113558039022,-0.653815730311692,-3.11691308163283,0.494103314172841,1.5001682613396,2.18903871079859,2.16889510279249,-0.232742643110617,-0.0357998776282409,-0.219795123143871,-0.592129156283374,-0.316088215473922,-0.837672870819484,0.918383043863261,-0.258449418119942,0.031320427310609,0.0771447244526076,0.89,0,Low,1.847056e-05,0.99371344,False,True
61476.0,1.17626766214343,0.498790543862457,-0.399725142902625,1.07729808059839,0.356088166488968,-0.235189508523495,0.0511526959319231,0.111016597452055,-0.192723878880411,-0.415376583802972,1.52149587906872,0.155169001274863,-0.934409514580658,-0.676854917686337,0.728384250405614,0.544019219450256,0.630359028440808,0.724644246272312,-0.522241782997269,-0.170503450639968,-0.0040931796015917,0.0175447526658396,-0.132460332849247,-0.440253809082759,0.603313766816265,-0.292087829329783,0.0385293434425799,0.0324943187869547,1.0,0,Low,2.4495357e-05,0.69665694,False,True
62288.0,0.975538355841962,0.937721419961887,-1.60399211483449,1.59995861841738,0.91095471759888,-1.11667886345499,0.73102085410686,-0.148053547597941,-0.763476574680826,-1.47286272047192,2.95732959266551,0.465162969558829,-0.0724227146888224,-3.15898901857477,0.597848128863758,0.882957212027269,2.80097889028533,1.30799603338587,-1.01321160849507,0.129560477430464,-0.0616099705619101,-0.272230686042312,-0.246884294474624,-0.0910007466853924,0.701199524654553,-0.304736352082305,0.0373259276336512,0.101344494348828,89.99,0,High,0.014433872,0.98623717,False,True
62346.0,-0.574873983157946,-2.64381572861705,-0.751255401619472,1.97919400506984,-0.995679017744574,0.112761339371879,1.23952083406716,-0.129356218669435,-0.157685682465535,-0.260157988871411,1.2814491309591,0.591267078901114,-1.23592071295675,0.911108035813095,-0.238701975416584,-0.361861725630312,0.0797029569530889,-0.138604715565167,-0.550594428271009,1.54003494688766,0.582078422050381,-0.235305775598032,-0.872873628391493,0.267525789190368,0.345689020857363,-0.352397426882782,-0.152856490958848,0.154371854603648,890.5,0,Critical,0.036173187,0.93303674,False,True
62482.0,0.0599703930760303,1.43920696965908,-0.0231603933322814,1.34754270688159,0.230889000865122,-0.0808010898607122,-0.705458078602682,-2.7147178914967,-0.819646174687656,-1.35611386945069,0.336693629217111,0.332279940845624,0.181007071735436,-0.909232287896944,1.45193183849021,0.193311985547035,1.48667055299095,0.229105988280895,-0.588777489087581,0.659612130943681,-1.26098853117959,0.513187485477173,-0.0645451293318013,-0.049326574620377,0.652846130885643,-0.209793443979887,0.170285736049396,0.30263447674321,1.0,0,Low,0.00025696578,0.8665035,False,True
62556.0,1.23809313975832,0.775521691229134,-0.330565023375768,1.34479502396806,0.145964987018004,-1.22803677794046,0.35893347211994,-0.28471870442527,-0.195428146730431,-0.701836445972358,0.242404465741801,0.251417165778087,0.63033584470262,-1.47350555991161,1.01368851256668,0.563881851462411,0.855115342515516,0.507762163257743,-0.630249115547536,-0.0538280280781339,-0.0597781704315824,-0.0654540152113311,-0.131826987959594,0.271030579212457,0.714431137299805,-0.329720056361582,0.0397584207097228,0.0589858423287748,1.0,0,Low,0.028612755,0.9651693,False,True
62805.0,1.23804261799844,0.77053043333537,-0.331997523908519,1.34546451219451,0.139816295211697,-1.22967596595336,0.354259165638368,-0.280804576159513,-0.184996149214632,-0.699812889267707,0.230655066658352,0.214775247241316,0.561439138721415,-1.45979426106371,1.02124766236501,0.567113655972287,0.859052402876907,0.516214961212954,-0.629783953300129,-0.0582422755483618,-0.0605703154557262,-0.0710964980063678,-0.131000023986718,0.269144247106671,0.712099979920193,-0.329489178612648,0.039308026136455,0.0588378743714698,1.0,0,Low,0.0987125,0.9859693,False,True
62873.0,0.925269490020262,0.277297043742431,0.359685342404451,2.7942181606193,0.0203284896770057,0.488582349347804,-0.10592513051128,0.270866835596188,-0.45871031833307,0.162930576614362,1.17736417098304,0.546144915448762,-0.626120548214828,-1.00429976804217,-1.18281022638708,0.387267197982678,0.769766672166128,0.076802768099159,-0.872145301059061,-0.0421536318012149,-0.0234048085649209,-0.0446366724129179,-0.138466243839893,-0.0584106610254678,0.485507076558651,0.083838712854776,0.0190626593326107,0.0431114189126376,75.31,0,Medium,7.892634e-06,0.5461226,False,True
63259.0,1.19418433594059,0.276426704517216,-0.407697764057627,1.12477439685225,0.587009310000759,0.530856176080822,-0.0289182833604051,0.12116606047825,0.501743556004387,-0.716797850599039,-1.36074167766159,-0.015731213574808,0.23502466420338,-1.34434065222923,0.293056426014138,0.210904006385249,0.629208776655739,-0.0203738830662921,0.0296394279150374,-0.0447907486276705,-0.369437674913694,-0.878486040904242,-0.158147242386034,-1.43307677468181,0.631918441462223,-0.412460779629086,0.0640167869746339,0.0408514461436266,32.03,0,Medium,0.01818953,0.6258049,False,True
63488.0,1.20834195151556,0.10598331806587,-0.440432801761029,0.608766993530926,0.479325489055334,0.748155382744616,-0.298035762197004,0.281308603745119,0.444175485464156,-0.64281782969971,0.315228373601755,0.438489664927178,-0.223874752392031,-1.38370330744153,-0.566399776567434,0.405162493054397,0.688211519605564,0.538718584766196,0.417841446760513,-0.062979236496863,-0.190901875562896,-0.310299184160572,-0.241151171483545,-1.38229666484741,0.616492390277795,0.5071051571078,0.0111877127777324,0.0155083100546569,12.31,0,Low,1.07732285e-05,0.79575205,False,True
63615.0,1.22796333558998,1.19111367815201,-1.71949418469877,1.46009563686828,0.993429182043832,-1.33311949718177,0.61816858054118,-0.178113328796351,-0.576415289492955,-1.3600649891471,2.10147844784072,-0.278737645938517,-0.87306600448436,-3.06086693417801,0.472552546037016,1.36235538947336,2.37617551578403,2.02404223431354,-0.417996818887367,-0.0603098158125891,-0.18884811428091,-0.512044472896543,-0.253440726556973,-0.346646210070796,0.847977103049161,-0.288632570970183,0.0310999754671174,0.0818683824913278,0.89,0,Low,0.028038327,0.9995665,False,True
63645.0,0.517717967422232,-0.801632062515554,0.175666063517896,1.57351948751464,-0.48214243219932,0.133293628226709,0.385002061274428,0.0300852627506977,-0.0393702230421783,-0.102213768747091,1.37297332020831,1.37227210178723,-0.0597236155886244,0.316559036912576,-0.786880917071631,-0.552965178517722,0.088681279850922,-0.50446039291327,-0.25376122790373,0.444085369402654,0.149950937645722,-0.0550920091993037,-0.320520547711126,0.251645152025031,0.498107146579017,-0.375310435338393,-0.0203533244974822,0.0612457121148058,313.63,0,High,1.1337795e-08,0.9770214,False,True
63663.0,1.17682340150205,0.553694380693861,-0.383967637042372,1.06993371010738,0.423723776358349,-0.217158440381586,0.102570067229215,0.067961186528729,-0.307475851554203,-0.437635707554127,1.65073926898665,0.558230105179336,-0.176545748787398,-0.827679205013194,0.645233602624004,0.508469369841609,0.58705136446551,0.631663468764989,-0.527358567718746,-0.12194672846746,0.0046204156639903,0.079612063411244,-0.141556936550885,-0.419504155919112,0.628956497992,-0.294627484568059,0.043483683748525,0.0341219663173102,1.0,0,Low,0.0013640793,0.96036285,False,True
63669.0,-0.184173546100156,-3.17779517366647,-0.205801021895763,-0.689000750292206,-1.76048395214141,0.489638756937191,0.0664287420871938,0.0649837976392148,2.22177780784865,-1.50440407641396,-0.0020402913678726,1.21829704516946,-0.45160707196809,-0.259422363757431,-0.74917876238809,-0.565646005427008,-0.0209376229598559,0.782382173619269,1.53936381455158,1.41227276003381,0.438463234712254,0.0142976208968055,-0.920706846745653,-0.37110028358379,0.43320472303051,0.127150807772502,-0.0898135893296651,0.129090411838469,750.0,0,Critical,0.0013974067,0.9986657,False,True
64257.0,1.17687392326192,0.558685638587625,-0.382535136509622,1.06926422188092,0.429872468164656,-0.215519252368685,0.107244373710787,0.0640470582629721,-0.317907849070003,-0.439659264258777,1.6624886680701,0.594872023716106,-0.107649042806193,-0.84139050386109,0.637674452825676,0.505237565331732,0.583114304104119,0.623210670809777,-0.527823729966153,-0.117532480997232,0.0054125606881342,0.0852545462062807,-0.142383900523761,-0.417617823813326,0.631287655371612,-0.294858362316993,0.0439340783217928,0.0342699342746152,1.0,0,Low,0.001228036,0.93982023,False,True
64406.0,1.17406382016741,0.556524766674255,-0.507558970913848,1.11660081204625,0.414205595578359,-0.281207741415745,0.0670733971094409,0.109214560626889,-0.204071811538677,-0.531570448756962,1.6066501263409,0.101050816046665,-0.950264473367733,-0.963079252702026,0.75747898220124,0.635688083512926,0.850841287108566,0.849661005870181,-0.564818310948822,-0.162113772527984,-0.019705601260463,-0.0247541359780813,-0.136988380711879,-0.464709740760997,0.603481091006376,-0.29195380114238,0.0419663750628842,0.038768286797683,1.0,0,Low,0.001539421,0.99526054,False,True
64531.0,0.827487059033517,-0.262779271538995,0.268956635706408,1.44663374486771,-0.197923574670462,0.622554720504846,-0.215228567535541,0.233985385775259,0.432395026844056,-0.647737152799241,1.14569849698859,1.5055943374713,0.731730640535605,-1.41727118300764,-0.960606429692244,-0.0709194437473126,0.753777631473864,0.265960915334944,-0.142727820017328,0.21045307028141,0.0492404986158647,0.18569134047653,-0.288829869164855,-0.331233869112796,0.597797740787133,-0.261883499880803,0.0637113364377917,0.0611008314804953,148.3,0,High,0.3329386,0.98153126,False,True
65134.0,1.19953276630389,0.560260309846829,-0.654422604375151,1.03030402474725,0.60599858141614,-0.0709168968855283,0.0718948294276402,0.121788602590635,-0.207322611106146,-0.536457303829472,1.31632050653621,0.0803450227052925,-0.702957016103819,-1.0213375703873,0.76356367040002,0.731958139307303,0.709528729418106,0.944419695023276,-0.430474985191167,-0.138648043435369,-0.0412393733801281,-0.0759108461908408,-0.183670942502002,-0.819963446714609,0.657727496164047,-0.270262683483305,0.042699679268235,0.0355158435388681,1.0,0,Low,1.7209944e-05,0.64631015,False,True
66115.0,1.26228898129255,1.24550806755888,-1.90710927839486,1.3352397497093,1.31920278422193,-1.02738343446764,0.673515315279542,-0.201142089671807,-0.687920493730794,-1.38780357930478,1.82336922414756,0.0685921552832417,0.17305171343477,-3.28131283019848,0.403468996266427,1.46146574394442,2.14181177471953,2.0675844596908,-0.238516224222546,0.0183929681784318,-0.209925824349284,-0.524736035581838,-0.326540622849309,-0.815006098063604,0.946136627132577,-0.261283942479477,0.0366117940196586,0.0790248105817135,1.49,0,Low,0.0012122166,0.999635,False,True
66247.0,1.26323267952727,1.1979897330179,-1.92059330168633,1.34132540126626,1.2584555510933,-1.04404521477953,0.625777014808042,-0.161806141606036,-0.58351217896046,-1.36721868930706,1.70586448795347,-0.297857921624735,-0.51604906134228,-3.1443696387309,0.478966144657804,1.49368486813901,2.1811601430114,2.15195877379186,-0.23362505906967,-0.0272768517287693,-0.218301722721798,-0.580765022483574,-0.317609933494456,-0.833907903479524,0.923100434943994,-0.25889517577473,0.0322495584996853,0.0774145427068563,0.74,0,Low,9.891428e-05,0.99801314,False,True
66583.0,1.18954571552678,0.213572530858524,0.0715477622018658,1.26620158600885,0.164140648404008,-0.127875704716104,0.284994920350073,-0.197804721819545,0.119749813893005,-0.142279929578008,-1.2500910836613,0.970248457995516,1.54665801175833,-0.302777918568083,-0.445350032639795,-0.251914095353305,-0.403859333424951,-0.432674854059841,0.28332149325525,0.0470647373472267,-0.142589707498279,-0.222324896482122,-0.24957091265367,-0.404197218285917,0.883598195058732,-0.299248186087083,0.0245606823314674,0.0211101723105938,48.94,0,Medium,0.022710146,0.99596596,False,True
66792.0,-0.305315069321194,-1.97978015146386,-0.9514115356039,1.78378119327587,-0.554705978926965,0.186699115512893,0.904162372637607,-0.0126921334593759,-0.225815696940456,-0.661047675612437,1.47287471904938,0.158365386614162,-0.883391117218759,-0.380833636975095,0.905621132394463,0.790513866586119,0.453883330550312,0.796656078619427,-0.792816157939664,1.36315488696721,0.361323571667226,-0.691912273159456,-0.695414267018669,-0.414775715777557,0.13421215694024,-0.492852172223804,-0.09848874876002,0.167101523354339,758.97,0,Critical,0.37167907,0.99132055,False,True
66932.0,1.26101990684432,1.2139643572652,-1.91626493628205,1.33966283287309,1.28181751009445,-1.03703862908978,0.646132966827297,-0.177787097016067,-0.625387401710892,-1.37589512104436,1.75287999321994,-0.151238761577197,-0.240239379142464,-3.19893183910352,0.448886794784332,1.48092251827313,2.16544896043589,2.1184036910561,-0.235884945857308,-0.0070742865063215,-0.214375729073429,-0.55885482638448,-0.32201953876278,-0.826298434459615,0.931966095116543,-0.259952002129476,0.0338149531049161,0.0782240617057544,1.99,0,Low,0.00045330258,0.99960274,False,True
67043.0,0.617572143890567,-0.821666690735144,-0.109485321173081,1.51831333883859,-0.441485474099302,0.443469549374218,-0.0627320279945516,0.181326024012764,0.704511275182972,-0.623090004078281,0.198189166615187,0.379520766267576,-0.796218187627171,-1.11103417550607,-0.976020559980301,0.463765075431959,0.394119329346004,1.11090952421446,0.366954241672004,0.453605744165491,0.059810933083147,-0.233737543999053,-0.491462456656407,-0.570585093012586,0.626046839422684,-0.270323403862428,0.0077654486179719,0.0816055922695774,296.72,0,High,0.24488786,0.95500594,False,True
67571.0,-0.758468652663917,-0.0454102784513458,-0.168438290153528,-1.31327481447103,-1.9017625315847,0.739433414882114,3.07189204639003,-0.483422244220096,0.61820276215476,-1.7690597207318,-0.651414013964987,-0.0054232908009888,-0.517194341398293,0.217469760178719,0.883558824493356,-1.17397764863161,0.24334710955825,-0.342300728238465,0.68705620239513,-0.0324998988871344,0.0426194565214976,0.397223782011498,0.0722288654476503,-0.242275996603303,0.560916469624214,-0.540954584325348,0.150606446374032,-0.117140114799884,549.06,1,Critical,1.9252579e-05,0.99999833,False,True
67614.0,0.910936947957862,-0.199144782694126,0.164287884033,1.29293421985556,0.0005220085030878,0.389620595702742,0.15658449514181,0.090255186281868,-0.043970992877107,-0.02806297566198,0.96404375458113,1.40776346813213,0.414120332245605,0.160523204502264,-0.81554841207862,-0.440739874803775,-0.134450608275355,-0.418348144767938,0.003146525232632,0.113928701826993,0.0081585250704744,-0.0233748042088609,-0.228590216661816,-0.266127158536641,0.651024501168877,-0.324689348360565,0.0162972971043227,0.024846822250946,129.76,0,High,5.4785683e-06,0.8235123,False,True
68093.0,0.699934316469715,-0.672983143584517,0.312840673353067,1.42763964393046,-0.364787570687322,0.612551774212027,0.0030650924234201,0.191877646704998,0.291913518690656,-0.0966777070863763,0.749263105318265,1.08653919032441,-0.234911865791116,0.124419946464644,-0.818264878635297,-0.342945964604063,-0.0855928074756056,-0.183953220650786,-0.0517466723175645,0.271925782547093,0.10919447331519,0.056031553103824,-0.318001138377086,-0.271124200834946,0.558680317809033,-0.289490199630442,0.0098481598387457,0.0445820272800932,227.89,0,High,0.01522476,0.98976433,False,True
68099.0,0.291327187298733,-1.29664446616787,0.313052255598482,1.71181088940832,-0.843957136462342,0.369216202932636,0.245837373728665,0.12755420268406,0.285002021448835,-0.176769387399477,1.16871652169915,1.08675503388153,-0.638081190762554,0.268294791740178,-0.79520346268347,-0.456490110708696,0.133010923757735,-0.275794312910855,-0.311083833508467,0.623641778870693,0.256522930121553,0.0243876127728795,-0.417389495272299,0.26166533651,0.405594546574241,-0.341776118809478,-0.0279837639191022,0.0826637025264933,419.89,0,High,1.3096134e-06,0.9916409,False,True
68104.0,-0.118973534759712,-2.08997911514219,-0.180712422052639,1.78039587914359,-0.862445302814061,0.743663959995722,0.504341857504211,0.132827269301078,0.377641162653507,-0.267645784576615,0.602589179982371,0.627639731857209,-1.05505574564768,0.398556863713992,-0.666713571722117,-0.245068574026454,-0.0218539952472033,0.0127131551563436,-0.180977298579124,1.07708331416015,0.355538595891229,-0.240865358095858,-0.680567365571097,-0.273913118402485,0.372858098709457,-0.33166136514116,-0.0760354504014866,0.116406010808807,651.44,0,Critical,0.00015139795,0.9977191,False,True
68426.0,1.26284185284082,1.18752836835104,-1.92362649915904,1.34278622386069,1.24601023049379,-1.04726961076876,0.616627448976054,-0.154016818156162,-0.56266585185133,-1.363241440488,1.68236783885849,-0.37113558039022,-0.653815730311692,-3.11691308163283,0.494103314172841,1.5001682613396,2.18903871079859,2.16889510279249,-0.232742643110617,-0.0357998776282409,-0.219795123143871,-0.592129156283374,-0.316088215473922,-0.837672870819484,0.918383043863261,-0.258449418119942,0.031320427310609,0.0771447244526076,0.89,0,Low,5.731289e-05,0.99503565,False,True
68652.0,0.213953768081731,-1.58225121024401,0.304550225285982,1.56553581051498,-0.825559707248892,0.892996299078912,0.0846540998064711,0.212262086625495,0.584368423487042,-0.320648961917826,0.657083446774029,1.21477364626497,-0.114275863139804,-0.0475526913105366,-0.926636664553081,-0.337134791090246,-0.0327230646681461,-0.032421563632248,-0.0745744567300077,0.771232257839668,0.293300487087142,0.10024095924196,-0.543247904009441,-0.24672917424678,0.44642461860595,-0.293470125418343,-0.01663169943618,0.0908088598848016,469.92,0,High,0.2913748,0.9958752,False,True
69206.0,1.17421538544704,0.571498540355547,-0.503261469315597,1.11459234736689,0.432651670997281,-0.276290177377043,0.0810963165541567,0.0974721758296179,-0.235367804086075,-0.537641118870913,1.64189832359125,0.210976571656976,-0.743574355424117,-1.00421314924571,0.734801532806255,0.625992669983295,0.839030106024394,0.824302612004547,-0.566213797691043,-0.1488710301173,-0.0173291661880316,-0.007826687592971,-0.139469272630508,-0.459050744443638,0.610474563145213,-0.292646434389182,0.0433175587826874,0.0392121906695981,1.0,0,Low,0.014996072,0.998331,False,True
69431.0,1.14772007861725,1.2271489121785,-1.50265094842153,1.52691252212862,1.00497797961708,-1.14710381716956,0.617461164681683,-0.128841425369269,-0.76341382625055,-1.43338671057197,2.9678024430276,0.498134973111032,-0.0194113465492187,-3.19287220237462,0.579080247547166,0.867973604101798,2.79440027366623,1.28128777984597,-0.985219100500294,-0.047473885443987,-0.114806263509649,-0.219562286669774,-0.169178562867831,-0.0936863563169793,0.736246017009889,-0.295464511041024,0.0546114954761639,0.0859785720514882,0.89,0,Low,0.005669166,0.9346072,False,True
69796.0,1.19983589686314,0.590207857209413,-0.64582760117865,1.02628709538852,0.642890732253984,-0.0610817688081232,0.0999406683170719,0.0983038329960937,-0.269914596200942,-0.548598644057374,1.3868169010369,0.300196533925914,-0.289576780216587,-1.10360536347468,0.718208771610051,0.712567312248041,0.685906367249762,0.893702907292009,-0.433265958675609,-0.112162558614001,-0.0364865032352651,-0.0420559494206202,-0.188632726339259,-0.808645454079892,0.671714440441721,-0.27164794997691,0.0454020467078414,0.0364036512826984,1.0,0,Low,1.9414589e-05,0.79390067,False,True
70008.0,1.22800343673378,1.21571881177599,-1.71245502606697,1.45683754957312,1.02406415395165,-1.32488397175711,0.64168608084522,-0.197712521051671,-0.628588233548428,-1.3702340067032,2.16022701924404,-0.0955235224954255,-0.528562863050133,-3.12939852485582,0.434770634985521,1.34621087532325,2.35649347515764,1.98180078213697,-0.420357763050627,-0.0380145678313941,-0.184820736767633,-0.483890115608492,-0.257672500366514,-0.33720890516935,0.859592500644784,-0.289798691466447,0.0333311641689262,0.0826273752287847,1.0,0,Low,0.23023033,0.999607,False,True
70330.0,1.18217243735675,1.31918978170249,-1.4611592294363,1.66662712881832,0.934444246715198,-1.52949301787787,0.759180231455886,-0.313968911972203,-0.592443719604916,-1.61805335098157,1.46922423247221,0.131996251080094,0.574150602926312,-3.48762750709496,1.21239812004449,0.610938683344335,3.05941256524251,0.68087057089485,-1.32456043858659,-0.0283241169602859,-0.15228235266866,-0.266078549477284,-0.148044454670297,0.0969022291130795,0.767900046490365,-0.287393918990391,0.0620365190755239,0.0985576663080547,1.0,0,Low,0.20620748,0.99577385,False,True
70356.0,1.26313456278399,1.23708979144384,-1.90942483786349,1.33618069543325,1.30738866143315,-1.03083814527959,0.663516481687954,-0.193186651740268,-0.666998783485799,-1.38352824156735,1.79986340567905,-0.0047118642632779,0.0351709410285618,-3.25400116655013,0.418525654129706,1.46786472464011,2.14967136836524,2.08438966083987,-0.237429398510912,0.0085666077040938,-0.211807020509875,-0.535762385020139,-0.324454809147844,-0.818803905389108,0.941654228356945,-0.260769927360877,0.0358035888787564,0.0786435569765896,1.0,0,Low,0.0024395892,0.99963975,False,True
70540.0,1.17013677650011,1.29930159158093,-1.46814498688225,1.67168780522941,0.92829993052642,-1.52725104702532,0.767447322303238,-0.315585932629669,-0.593177527318093,-1.62095506029635,1.46931349059268,0.132252856807971,0.575261328568884,-3.48621705992043,1.21318185065458,0.611760386321654,3.05959726665088,0.682147018574902,-1.32655023977188,-0.015636969458071,-0.148507403526518,-0.269366669121255,-0.153535573564364,0.0972219058473538,0.765612543270401,-0.288058362739696,0.0608593795753287,0.0996424198017296,7.23,0,Low,0.20038415,0.9957795,False,True
70801.0,1.16592345498645,1.30027860851679,-1.38206970779139,1.71857704592132,0.80632623745894,-1.65426036296156,0.744122699417293,-0.310195815849886,-0.560890654590588,-1.60984640568618,1.60187478261332,0.0392612122164631,0.236018282843863,-3.41495295108439,1.23059741319712,0.565164876419049,3.15156500216868,0.65092647395306,-1.40038336667437,-0.0527507232907231,-0.141739362421886,-0.253323531170954,-0.119658307531719,0.294905781030635,0.729903187234871,-0.29923506965663,0.0601815418414204,0.100134456028551,1.79,0,Low,0.2581301,0.9982494,False,True
70912.0,1.18961995845114,1.22911089574882,-1.48780595862639,1.58324388049165,0.761943622085219,-1.63220574527981,0.653504198609244,-0.232162128540501,-0.66535052465461,-1.3711389180584,2.64051989379621,0.081454910043932,-0.623116652739704,-3.09700707831361,0.395592345908476,1.18963808891115,2.55178583191454,1.80669493932084,-0.622876303307469,-0.0548628339585861,-0.149338084350692,-0.385176564147168,-0.191528253563016,0.200711233567484,0.787789158329454,-0.323134278647833,0.0339768156708952,0.0881234938574409,1.29,0,Low,0.022843014,0.9529751,False,True
71395.0,1.08259459709615,1.11670025004148,-1.63300124240728,1.44497608714165,1.27407382742521,-0.551705830901649,0.560593088569242,0.0177376454752398,-0.760138425361761,-1.48708986380052,3.02175189999866,0.535376359433196,0.0259717192578437,-3.17734856223438,0.847714462964227,0.630034996765581,3.00404786420272,0.890907108546253,-1.28032999351048,-0.0343526906880033,-0.0883312373879176,-0.147122720658255,-0.179897612034163,-0.603074798330197,0.682874031161903,-0.255294779568442,0.0677810639717757,0.0837752432025885,19.13,0,Low,0.17128934,0.81753135,False,True
71702.0,1.26876909346185,0.373451746625484,0.0585643537735326,0.87185594457392,0.257598921796056,-0.261307453538787,0.232578703145937,-0.227252938503338,-0.14152966049537,-0.0620509987896092,-0.98955033047209,0.814605109336657,1.97483849733107,-0.0747502000466202,0.906523982450704,0.394153980441555,-0.949383230652497,-0.0416470173951328,-0.0023203066425876,0.0456207665298171,-0.0896559349304988,-0.183973309527407,-0.185662588856873,-0.618025779862672,0.731441737471205,-0.382407602225415,0.0288832544055095,0.0222822955118766,23.84,0,Medium,1.8129731e-05,0.5340062,False,True
71893.0,0.691299874562227,-0.426467824797795,0.430092989415467,1.61496313316918,-0.525774439020653,0.331770685544138,-0.150158897318951,0.198420399809729,0.421222670244697,-0.666221862250218,1.58663115701603,1.57328805607924,0.441223445572009,-1.33273171772675,-0.970396004636899,-0.209519053074416,0.960328187325766,0.128333317857859,-0.357974057697005,0.283938121431145,0.1127412340618,0.239729371355912,-0.265630080280678,0.198095325627784,0.50113133950997,-0.299597468152897,0.0534141639368357,0.0749348066112614,199.34,0,High,1.4784791e-05,0.72788286,False,True
72407.0,1.2034781673715,0.437582663646772,0.543958192196716,2.54240034962338,0.149114000315815,0.365801684577358,0.0096977938181756,-0.0215414397846354,-0.309464716501481,0.483684859537282,-1.57526839271901,0.492746901271315,1.15364660162121,-0.459984926304642,-0.957934382192408,0.288277696942277,-0.517202964895558,-0.383769873875589,-0.309763487541213,-0.0629061854110005,-0.117943222012382,-0.10411826775907,-0.202518959731023,-0.398292267073837,0.772897386396282,0.124816968612282,0.0134917186188236,0.0155374954423548,11.4,0,Low,0.019400915,0.6568231,False,True
72553.0,1.15386151672334,0.55934885940925,-0.248440009629802,1.1468337003499,0.261252428259516,-0.404536818538106,0.106667867583946,0.0494939433219481,-0.323418524109465,-0.436875611159647,1.93480264161239,0.643305292378997,-0.275672938285733,-0.799768097809549,0.626041611465768,0.415479475880044,0.707833837537712,0.530589978919796,-0.649802193335816,-0.135195694657487,0.0255458460327423,0.136131460652577,-0.100799041911404,-0.094529629297592,0.58407520891627,-0.314679269243853,0.0436352835863105,0.0373337995919158,1.0,0,Low,0.003910074,0.9311443,False,True
72713.0,0.492690699130521,-1.25521464181613,-0.339914315784797,-0.440268502182449,-0.8331207691764,-0.318705276981119,0.0648255006525167,0.0599682164932933,1.29498832157453,-1.56119083060531,1.78826256737682,1.09605707070456,-0.574958982910147,-0.789807062014926,0.814267962238199,-0.343709563386017,0.939994507543983,0.70626274950296,0.293837672377192,0.577029736778996,0.219419683662697,0.0757892620411157,-0.410078803632169,-0.0528962333976379,0.43222694871839,-0.649087506257698,0.0302726810207619,0.0995462632697071,355.3,0,High,2.5872188e-07,0.9904943,False,True
72787.0,1.08403729225641,0.064883150482436,-0.157666272229482,1.00270405303948,0.131326995438872,-0.418319121771023,0.431981644522303,-0.276317634008261,-0.152225072443302,-0.0715715316175912,-0.940559213345611,0.544695800545662,1.34649566896708,0.129497059515267,0.865622686379658,0.253125584716332,-0.795181909185876,0.000271800762149,-0.098885426095379,0.19110371370088,0.0549893554200452,0.0087898320355726,-0.317361083818444,-0.404898201950612,0.797733476430004,-0.292484085275099,-0.0011749230738098,0.0342432731525962,118.37,0,High,0.1297935,0.8890356,False,True
72979.0,0.836400268353669,-0.332127613952578,0.11821883250325,1.32557140852666,-0.0497754558083391,0.400207891739336,0.198364455268307,0.0880828319093373,-0.0276452981968247,-0.0419617466665411,0.941096981355129,1.33606663245427,0.283196303751622,0.196668840662688,-0.795583059447185,-0.429194369200375,-0.125434184941918,-0.39354824241893,-0.0082292561584272,0.183565021214039,0.0299207503426877,-0.0549954439373308,-0.260896611507137,-0.267922752993544,0.632214915291643,-0.328336905488813,0.0081163819638027,0.0312596426944894,168.29,0,High,5.281596e-05,0.94190353,False,True
73019.0,0.620960264443173,-0.693373684942613,-0.0724393675348149,1.50068259480606,-0.286683307704434,0.484053396095166,0.0526659550829355,0.0837583266342042,0.443840902052755,-0.67316658136609,0.491908383840646,1.29552342209443,0.926003346620969,-1.45406568232016,-1.16513768433997,0.38282487869225,0.295660208505584,0.899364199339305,0.355676514749078,0.561721824620638,0.078948034761164,-0.092094907251807,-0.511167016526711,-0.523483234093086,0.684729666937384,-0.275978030069854,0.0192331545949647,0.0851132616928869,295.62,0,High,0.0076179937,0.7282855,False,True
73165.0,1.23799209623857,0.765539175441606,-0.333430024441269,1.34613400042097,0.133667603405389,-1.23131515396626,0.349584859156796,-0.276890447893756,-0.174564151698832,-0.697789332563057,0.218905667574903,0.178133328704546,0.49254243274021,-1.44608296221582,1.02880681216334,0.570345460482165,0.862989463238298,0.524667759168165,-0.629318791052722,-0.0626565230185898,-0.06136246047987,-0.0767389808014046,-0.130173060013842,0.267257915000884,0.709768822540581,-0.329258300863714,0.0388576315631873,0.0586899064141647,1.0,0,Low,0.14761196,0.8091088,False,True
73246.0,-0.949086201883096,-3.21927474220235,-1.15451466798531,2.16669280205587,-1.27762261647143,-0.641729663448564,1.86352836877553,-0.550129769509644,-0.261927987631852,-0.43867708001468,-0.456925757101341,-0.0172231231254879,-0.292567288560194,0.820213448196918,0.931759261226067,0.132351194930028,-0.312715891703243,-0.0232518550231604,-0.697000164271486,2.13943317566282,0.654446240171273,-0.687760723216527,-1.08953556774012,0.438746680509069,0.287866166677439,-0.462471124002847,-0.216324946102232,0.214314108033531,1143.4,0,Critical,4.1815172e-05,0.9952604,False,True
73288.0,1.1815868931047,0.416131999240257,0.535461553753516,2.54966031477556,0.156307002265403,0.374825330065112,0.0388615650395021,-0.0362453343253566,-0.342104649017956,0.47229982292548,-1.53985672273117,0.603142620180997,1.36237096989898,-0.498535644315201,-0.979176459795884,0.280087200101444,-0.528675872613845,-0.406790504012589,-0.314803216903674,-0.026427431282777,-0.108653116039174,-0.0932128811938174,-0.215056619961256,-0.392047795389212,0.775701386345748,0.122907432768439,0.0126870176360222,0.0179680826790904,22.81,0,Medium,0.0037348452,0.86870074,False,True
73885.0,1.26148063313456,1.16564794125866,-1.93002928691886,1.34595156133259,1.22082371532101,-1.05361044267405,0.59872641157439,-0.138516037419697,-0.521008533478005,-1.35542667203037,1.63537883881238,-0.517678541305082,-0.929295582264516,-3.06193204863215,0.524415393039678,1.51317461610245,2.20480474050178,2.20282922697418,-0.231073628264034,-0.0522349913452156,-0.222600144735585,-0.615015760302427,-0.31330919928329,-0.845187411756181,0.90883810905878,-0.25758989849653,0.0294054808473747,0.0766573232648328,1.49,0,Low,2.3730616e-05,0.96647036,False,True
73909.0,1.24056441121785,0.216727522333998,-0.329018309316777,0.687812806516965,0.287829942309398,0.20963985625679,-0.163368990348188,0.0882927066802273,0.314913206524586,-0.622619187103106,0.379050833315904,0.833644681442066,0.568658834426282,-1.56183880388996,-0.917594697673991,0.612046155752064,0.424032353598201,0.835745798446083,0.70836634218456,0.0153087928632923,-0.19848926803658,-0.329495873296332,-0.259072338779332,-0.868891406333739,0.694599609488249,0.463776824782352,6.91056155475598e-05,0.0224577194208925,12.31,0,Low,0.49612215,0.5965545,False,True
74131.0,1.17446799424641,0.596454829824367,-0.496098966651846,1.11124490623461,0.463395130028818,-0.268094237312539,0.104467848962016,0.0779015345008333,-0.287527791665071,-0.547758902394165,1.70064531900849,0.394186164340827,-0.39909082551809,-1.07276964348519,0.697005783814615,0.60983364743391,0.81934480421744,0.782038622228491,-0.568539608928078,-0.126799792766161,-0.0133684410673124,0.0203857263822128,-0.143604092494889,-0.449619083914708,0.622130350043274,-0.293800823133853,0.0455695316490261,0.0399520304561233,1.0,0,Low,0.08097658,0.99282575,False,True
74140.0,1.17677287974217,0.548703122800097,-0.385400137575122,1.07060319833383,0.417575084552041,-0.218797628394487,0.0978957607476427,0.0718753147944859,-0.297043854038404,-0.435612150849477,1.63898986990321,0.521588186642565,-0.245442454768604,-0.813967906165298,0.652792752422332,0.511701174351486,0.590988424826901,0.6401162667202,-0.526893405471339,-0.126360975937688,0.0038282706398465,0.0739695806162072,-0.140729972578009,-0.421390488024898,0.626625340612388,-0.294396606819125,0.0430332891752573,0.0339739983600051,1.0,0,Low,0.0028251195,0.96890366,False,True
74438.0,1.14730548392218,1.2068327247586,-1.50850429458449,1.52967982887156,0.98027472526813,-1.153620983861,0.598909906651577,-0.113213463232777,-0.721698792663829,-1.42534371778622,2.92080642267989,0.351571829723192,-0.294978558945841,-3.13800210342136,0.609330684680624,0.880915330540584,2.81015177629236,1.3151215092663,-0.983393584436891,-0.0649068646948437,-0.117908191213666,-0.242190274537054,-0.165967660921486,-0.101226040367608,0.726880998189,-0.29455273179688,0.052789133018563,0.0854058531731997,1.0,0,Low,0.41589195,0.99684983,False,True
74611.0,1.14608242313685,1.23425833469004,-1.50079512579927,1.52630462252482,1.01638774130836,-1.14350156092429,0.628004060431764,-0.136903280390625,-0.784383828816957,-1.43785301152274,2.99131413562603,0.571455880032902,0.118542523371188,-3.22009104365675,0.564075167460795,0.86162870016705,2.78655283532989,1.26456658247681,-0.986436876209675,-0.0368125762576252,-0.11267663570407,-0.208752330338059,-0.171625750364893,-0.0898675108757367,0.740577873840065,-0.296022253597379,0.0553422323674545,0.0864312139282664,1.79,0,Low,0.001009024,0.53146964,False,True
74624.0,0.766076567493647,-0.433609887724681,0.0816109678690645,1.35319592546472,-0.0673076556007503,0.418253400673865,0.260795637010196,0.0668719216571082,-0.0632381294884746,-0.0650234851276943,0.976867832896777,1.44749495258352,0.496390317592675,0.163793870752526,-0.813671344691931,-0.434078269951097,-0.136163839962329,-0.411432348745514,-0.0212760987977844,0.271097834392107,0.0544015425106779,-0.057321704157689,-0.295530957238856,-0.260391877500211,0.625813826039747,-0.332920214172956,0.0025747809376794,0.038055361566286,204.77,0,High,1.1959289e-06,0.85017174,False,True
74639.0,0.830764335879794,-0.283697452720787,0.489422155291496,1.57022652205325,-0.570016508374649,0.267640500024753,-0.329792675824085,0.285899450081952,0.6176961253968,-0.595759557369554,1.37544098530262,0.912004556506093,-0.812224974686385,-1.102119680479,-0.844419829821452,-0.161789153846196,1.02986909266104,0.264509667585355,-0.326981924718679,0.0556386998196296,0.05455317690462,0.177865953334179,-0.187113561136764,0.147692075131939,0.485415318780954,-0.287110510806079,0.0591579576214246,0.0594763719840766,126.54,0,High,0.0026214074,0.9112607,False,True
74808.0,1.17702548854154,0.573659412268917,-0.378237634911371,1.06725575720156,0.448318543583578,-0.210601688329983,0.121267293155502,0.0523046734657013,-0.349203841617401,-0.445729934372729,1.69773686532045,0.704797779326417,0.0990410751374232,-0.882524400404779,0.614997003430691,0.495542151802101,0.571303123019947,0.597852276944144,-0.529219216708374,-0.104289738586548,0.0077889957605657,0.102181994591391,-0.14486479244239,-0.411958827495967,0.638281127510449,-0.295550995563796,0.045285262041596,0.0347138381465304,1.0,0,Low,0.0011676385,0.7824797,False,True
75101.0,1.17662131446255,0.533729349118805,-0.389697639173373,1.0726116630132,0.399129009133119,-0.223715192433189,0.0838728413029268,0.0836176995917567,-0.265747861491006,-0.429541480735525,1.60374167265286,0.411662431032255,-0.45213257271222,-0.77283400962161,0.675470201817317,0.521396587881117,0.602799605911073,0.665474660585833,-0.525497918729118,-0.139603718348372,0.001451835567415,0.0570421322310969,-0.13824908065938,-0.427049484342256,0.619631868473551,-0.293703973572322,0.0416821054554541,0.03353009448809,1.0,0,Low,0.00033964272,0.94844186,False,True
75485.0,1.30146618406191,1.28309461575197,-2.11525379274708,1.20292618679693,1.64091982750107,-0.706314153714073,0.708084288678482,-0.206002926896976,-0.755657162935366,-1.40697957386964,1.46440561487952,0.259170110274973,0.955177380956201,-3.45051017047706,0.366757369272576,1.58442264332179,1.90877225372786,2.15673258641776,-0.0422053794265246,0.0785733185893505,-0.237392013740788,-0.566097165881021,-0.400130346589445,-1.32968610617538,1.04075870231882,-0.230495112758276,0.04053071099664,0.0749978097318173,0.89,0,Low,4.2865513e-11,0.5002734,False,True
75489.0,1.17451851600628,0.601446087718131,-0.494666466119095,1.11057541800815,0.469543821835125,-0.266455049299638,0.109142155443588,0.0739874062350764,-0.29795978918087,-0.549782459098816,1.71239471809194,0.430828082877597,-0.330194119536884,-1.08648094233309,0.689446634016286,0.606601842924033,0.81540774385605,0.77358582427328,-0.569004771175485,-0.122385545295933,-0.0125762960431686,0.0260282091772495,-0.144431056467765,-0.447732751808922,0.624461507422887,-0.294031700882787,0.0460199262222939,0.0400999984134283,1.0,0,Low,0.079353735,0.9888108,False,True
75849.0,1.20714875541856,1.19806264149051,-1.39708296730773,1.78880519551789,0.434366601310479,-2.17385721272484,0.681739901056969,-0.331267914664702,-0.243731847932905,-1.50501076958795,1.02785198720027,-1.14690737786688,-1.81455350627593,-3.0311958304206,1.20582649743215,0.954670877028039,2.99162289858698,1.35380141303376,-1.02820828423831,-0.153246160734755,-0.193027414938237,-0.537324389731152,-0.124465474896213,0.549680134198108,0.732565458677922,-0.322035074078381,0.0301263653875837,0.0991372271839496,1.99,0,Low,0.045544907,0.9919661,False,True
76199.0,1.28740442531063,1.26113541145625,-2.04228835828889,1.25189851467207,1.51386215499573,-0.825424674699379,0.687285194213231,-0.197396023327247,-0.712950420296555,-1.39646294117021,1.57386538000982,0.126341439478318,0.552016323800841,-3.36540149957094,0.393202617377314,1.54553317149197,1.99998090741594,2.13916949341975,-0.112418426094118,0.0488808537348081,-0.228895309563539,-0.560900260737704,-0.371958115416442,-1.14668182157574,1.00248653554778,-0.241225912420318,0.0383477222398664,0.0761789767105396,1.0,0,Low,1.002502e-07,0.9981254,False,True
76306.0,1.01231121614975,0.495630747475686,0.402584163062711,2.94484289407212,-0.0792920789782099,-0.269229121007488,0.186511450626059,-0.108513314514946,-0.444555978485361,-0.0101190737001651,-0.459195463158356,0.648077996517293,1.12250366533507,-1.5563484813033,-0.914967854661737,0.405219055383851,0.649321194139484,-0.172475382623298,-0.815597642288112,0.08379532630889,-0.0836106630806483,-0.136213466092464,-0.174889709699966,0.354241464432252,0.643669569307423,0.0658933645624336,0.0171534997149314,0.0602651091264289,75.31,0,Medium,1.2989997e-08,0.8090286,False,True
76430.0,1.25480428782294,0.342157345325217,-0.0599525972613529,0.931549302378523,0.21238222617056,-0.45177774201224,0.309975689128557,-0.249453751884845,-0.131378423563283,-0.0283651277841144,-0.953575418691039,0.504411975354173,1.26183486004587,0.12319042270153,0.862058648289715,0.244695274097064,-0.79386624505688,-0.0093915335250414,-0.0701797789679068,0.0066256488717686,0.0006208053961946,0.0498143699339439,-0.238600775926888,-0.411321583309131,0.827867974701945,-0.282823012291252,0.0150813716959822,0.018699815000951,29.95,0,Medium,0.42419797,0.61599636,False,True
76450.0,1.1767223579823,0.543711864906333,-0.386832638107873,1.07127268656029,0.411426392745734,-0.220436816407388,0.0932214542660707,0.0757894430602428,-0.286611856522605,-0.433588594144826,1.62724047081976,0.484946268105795,-0.314339160749809,-0.800256607317402,0.660351902220661,0.514932978861363,0.594925485188292,0.648569064675411,-0.526428243223932,-0.130775223407916,0.0030361256157027,0.0683270978211705,-0.139903008605133,-0.423276820130684,0.624294183232776,-0.294165729070191,0.0425828946019895,0.0338260304027001,1.0,0,Low,0.0008219097,0.9736245,False,True
76590.0,0.702021972709388,-0.475371363626896,0.430479881610344,1.68664000811934,-0.78995310963109,-0.155999862198969,-0.0917762235837925,0.0890760537959475,0.517524061607213,-0.611295622963795,1.26091987015081,1.15853658546931,-0.159957721359571,-1.23295396953273,-1.15280143614855,0.113415084839296,0.719020226533211,0.655960453270693,-0.0013739011498403,0.308543878031844,0.0880866252176176,0.0669487860093971,-0.302616879072953,0.480600190914701,0.546314110600835,-0.328406800997756,0.029851890950812,0.0797463719554424,215.74,0,High,3.8107613e-05,0.6791642,False,True
76709.0,1.24767453218505,0.256253346545855,0.350218435907149,1.28060743029217,0.0473604672425799,0.0487054991578057,0.0423877922132217,-0.127233897190018,0.306059918097466,-0.170288360534965,-1.30717352006536,1.14832241383379,1.8294143046581,-0.546570080000023,-0.592764268487035,-0.246884142494934,-0.40331142441344,-0.340740800434863,0.265089401371815,-0.0139948647292192,-0.0933945233263289,0.0717029320325841,-0.248975868245996,-0.385298631579295,0.910011348987808,-0.225522544051137,0.0482015292070565,0.0176789897008013,9.66,0,Low,1.5225297e-09,0.6169466,False,True
76893.0,1.22780134969428,1.19575378020093,-1.71818502819797,1.45951550247894,0.999469386726421,-1.33144072380871,0.622988854918933,-0.182056007988644,-0.586860243485231,-1.36213977988459,2.11322942291024,-0.242091196642506,-0.804149686974955,-3.07455332946423,0.465007234178834,1.35913809336276,2.3722417166032,2.01561197395781,-0.418497114060999,-0.055671557712306,-0.187989316864208,-0.506460046788639,-0.254364644475009,-0.344754233592494,0.850267871126334,-0.28887518047071,0.0315295858758553,0.0820355033995645,1.0,0,Low,0.18365233,0.99962306,False,True
77020.0,1.23804261799844,0.77053043333537,-0.331997523908519,1.34546451219451,0.139816295211697,-1.22967596595336,0.354259165638368,-0.280804576159513,-0.184996149214632,-0.699812889267707,0.230655066658352,0.214775247241316,0.561439138721415,-1.45979426106371,1.02124766236501,0.567113655972287,0.859052402876907,0.516214961212954,-0.629783953300129,-0.0582422755483618,-0.0605703154557262,-0.0710964980063678,-0.131000023986718,0.269144247106671,0.712099979920193,-0.329489178612648,0.039308026136455,0.0588378743714698,1.0,0,Low,0.031866785,0.537444,False,True
77210.0,1.15185976178682,0.637048113796104,-0.350543835510023,1.18345847889194,0.343964624574137,-0.443998299378753,0.141285794687752,0.032035393433754,-0.376494446830928,-0.561163702932238,2.06695448521837,0.73575478129788,-0.0159410731479868,-1.14083762821682,0.624899744068081,0.494221121903207,0.912567854759907,0.62179554669682,-0.694239370276997,-0.109149026664591,0.0131020044704464,0.116402503188804,-0.108634945665541,-0.111440232552686,0.59356716262483,-0.315468752052186,0.0488738934996858,0.0441996394318642,1.0,0,Low,0.117660314,0.8422724,False,True
77257.0,1.26338717158336,1.26204608091266,-1.90226233519974,1.33283325430097,1.33813212046468,-1.02264220521509,0.686888014095814,-0.212757293069053,-0.719158771064796,-1.3936460250906,1.8586104010963,0.178497728420573,0.379654470934589,-3.32255766078961,0.380729905138065,1.45170570209073,2.12998606655829,2.04212567106381,-0.239755209747947,0.0306378450552337,-0.207846295389155,-0.507549971044955,-0.328589629012225,-0.809372244860177,0.953310015255007,-0.261924316105548,0.0380555617450951,0.0793833967631149,1.0,0,Low,0.0004856754,0.9978229,False,True
77703.0,1.21745203152976,1.15316338868924,-1.49505844798692,1.74648598713817,0.492097372741226,-2.0661169071027,0.649082338437774,-0.292709755182205,-0.160861563631348,-1.49225807251072,0.765998019878963,-1.45711852637791,-2.23378753231696,-2.95241445422199,1.27112883254301,1.03636251932549,2.94286084103408,1.47729792296077,-0.94815967019422,-0.171694552414517,-0.210593453402989,-0.613619247483798,-0.146214122942214,0.331070090928884,0.743895167177632,-0.307951828055175,0.0264998403244829,0.0964185784158188,3.99,0,Low,0.04939686,0.7758557,False,True
78347.0,1.30690920302588,0.292382272821133,0.144697552951883,0.96795789606362,0.325016135212337,0.28206468878074,0.0481132220923179,-0.0917267893738855,0.317721582122109,-0.212482089715898,-1.67334049060376,0.96818705927353,1.89767645306905,-0.481337440634419,-0.259515790723079,0.0366036989340692,-0.674634777327489,-0.30158172356956,0.567418930443616,-0.009586116700203,-0.331238830759324,-0.667937258455046,-0.160456973359282,-0.97627129915059,0.768728327288228,-0.444781444016241,0.0490852971619368,0.0157486167623688,1.44,0,Low,0.0017702634,0.9167633,False,True
78466.0,1.03056935194053,0.0974220743413002,0.53371063845548,1.43331721555378,-0.274716646386967,0.377998704836869,-0.384308554809872,0.259736566979559,0.472113438577766,-0.5841413384804,1.38242644342313,1.44054204599235,0.335784074256951,-1.36076952530125,-0.965242129025172,-0.167287413872842,0.887664351402625,0.173617364778753,-0.226494688022518,-0.0598165120819574,-0.0038657237363478,0.282802258308911,-0.141954743162037,-0.0325347831270612,0.586157584237148,-0.267939921528472,0.0843109459255096,0.0431862481764384,31.05,0,Medium,0.20605838,0.9256789,False,True
78494.0,0.598091933858449,-0.673726794765545,0.220913672531646,1.54037260993152,-0.447233678911115,0.116673180728796,0.325085540992655,0.0448046189410686,-0.0240347881107209,-0.0808004594302146,1.36062748203092,1.33391549682165,-0.136042393560244,0.320845469648803,-0.784558798621286,-0.555224143662066,0.091384131603914,-0.50453705192765,-0.239999850031384,0.354893280757914,0.123933891692628,-0.0387626748549311,-0.283000922492664,0.2476226814846,0.511061504295245,-0.370639622872998,-0.012937857530922,0.0538492228185462,272.0,0,High,9.9354525e-09,0.69148815,False,True
78688.0,1.17436695072666,0.586472314036839,-0.498963967717346,1.11258388268752,0.451097746416203,-0.27137261333834,0.0951192359988726,0.0857297910323472,-0.266663796633473,-0.543711788984864,1.6771465208416,0.320902327267286,-0.536884237480501,-1.0453470457894,0.712124083411271,0.616297256453664,0.827218924940222,0.798944218138914,-0.567609284433264,-0.135628287706617,-0.0149527311156,0.0091007607921392,-0.141950164549136,-0.45339174812628,0.61746803528405,-0.293339067635985,0.0446687425024907,0.0396560945415132,1.0,0,Low,0.039881952,0.99624974,False,True
79151.0,0.541525575818899,-0.658257826786416,0.184478227882272,1.80931547831136,-0.793811331299837,-0.193739398306882,0.0342331294558963,0.0692935298402017,0.502236262428479,-0.812342019235816,1.3713642645866,1.04833213864793,-0.236870717141446,-1.607609159224,-1.09364698189519,0.257673221775493,1.03873615833592,0.858779728231741,-0.0874294063921601,0.481882584183191,0.114445969966338,-0.0417895990034101,-0.379997852802173,0.448133764180997,0.514321666919104,-0.336670128821941,0.0189004944118186,0.102693810565241,297.17,0,High,0.0030324678,0.99869233,False,True
79170.0,1.17467008128591,0.616419861399423,-0.490368964520845,1.10856695332879,0.487989897254048,-0.261537485260935,0.123165074888304,0.0622450214378056,-0.329255781728268,-0.555853129212767,1.74764291534229,0.540753838487908,-0.123504001593268,-1.12761483887678,0.666769184621302,0.596906429394402,0.803596562771877,0.748227430407646,-0.570400257917706,-0.109142802885249,-0.010199860970737,0.0429556575623598,-0.146911948386394,-0.442073755491564,0.631454979561724,-0.29472433412959,0.0473711099420971,0.0405439022853435,1.0,0,Low,0.07516939,0.95861304,False,True
79299.0,1.21784793382972,0.66957135425227,-0.460750445645651,1.15787850638321,0.306836956416965,-0.730391480006387,0.205420381281835,-0.0801131428399543,-0.335465340830406,-0.513654598171712,1.53784862608692,0.490476485300363,-0.038313562619698,-1.16895326170081,0.407639465216981,0.886200111289428,0.521599658567858,1.18902465542318,-0.212581327103589,-0.0732038608068597,-0.0370526039069162,-0.0660226767387302,-0.177178719009759,-0.128833369540204,0.706456564868101,-0.324660218310858,0.0313159546496147,0.0440988565700498,1.0,0,Low,1.3234557e-05,0.743849,False,True
79452.0,1.26284185284082,1.18752836835104,-1.92362649915904,1.34278622386069,1.24601023049379,-1.04726961076876,0.616627448976054,-0.154016818156162,-0.56266585185133,-1.363241440488,1.68236783885849,-0.37113558039022,-0.653815730311692,-3.11691308163283,0.494103314172841,1.5001682613396,2.18903871079859,2.16889510279249,-0.232742643110617,-0.0357998776282409,-0.219795123143871,-0.592129156283374,-0.316088215473922,-0.837672870819484,0.918383043863261,-0.258449418119942,0.031320427310609,0.0771447244526076,0.89,0,Low,0.0003606617,0.9964567,False,True
79495.0,1.26284185284082,1.18752836835104,-1.92362649915904,1.34278622386069,1.24601023049379,-1.04726961076876,0.616627448976054,-0.154016818156162,-0.56266585185133,-1.363241440488,1.68236783885849,-0.37113558039022,-0.653815730311692,-3.11691308163283,0.494103314172841,1.5001682613396,2.18903871079859,2.16889510279249,-0.232742643110617,-0.0357998776282409,-0.219795123143871,-0.592129156283374,-0.316088215473922,-0.837672870819484,0.918383043863261,-0.258449418119942,0.031320427310609,0.0771447244526076,0.89,0,Low,0.00036328603,0.9964612,False,True
79613.0,1.14588033609735,1.21429330311498,-1.50652512793027,1.52898257543065,0.991792974083131,-1.15005831297589,0.609306834505476,-0.121246767327598,-0.74265583875376,-1.42975878470413,2.94431653929224,0.424888205885821,-0.157044300553634,-3.16524584826517,0.594311766654107,0.874555918206558,2.80230107677546,1.29837777429765,-0.984576227220047,-0.0544695661385371,-0.115845215800645,-0.231322261518206,-0.168317894473388,-0.0974128392988811,0.731253244321616,-0.295098742601643,0.0535406540743835,0.0858393420990462,1.79,0,Low,0.1184056,0.98819643,False,True
79887.0,-0.421891116228039,1.81492664698377,-0.409296233641178,0.925988635970723,1.33674358679944,-1.06777002646013,1.16502314065974,0.0391420358119003,-1.12465524906884,-1.8373727225168,2.54281905369032,-0.635796430115083,-1.62839429564681,-2.99051847094682,0.533296055203619,0.833512023978428,2.90264328571554,1.642323910956,-0.810556052784573,-0.0825788526240828,-0.0516561096440957,-0.158682262058177,-0.321631623859464,-0.140595536072816,0.215306933525356,-0.332146464385552,0.0969925574767925,0.123678758370493,1.29,0,Low,0.00032066004,0.5571514,False,True
80177.0,1.18519224676611,1.23753251337282,-1.71827727592225,1.39879369163222,1.29467971505084,-0.834634213709871,0.629615179152482,-0.114380876774647,-0.779130226244426,-1.44277293980331,2.55110141469228,0.505831894623331,0.418008620989561,-3.29325410917519,0.580186165063057,1.00685601007365,2.58149204605431,1.41248976517421,-0.787239998010017,-0.0079654986776174,-0.145729346367883,-0.289311711475796,-0.2391158641972,-0.616618253626384,0.818793707412064,-0.263667562757477,0.056144820617237,0.0813466550185542,1.0,0,Low,0.10536594,0.93956846,False,True
80288.0,1.27478190927856,0.239293893732592,0.126050177939673,0.981466571620029,0.308614854599276,0.288049275502714,0.0701809140331622,-0.0960431703584237,0.315762798451141,-0.220227743954219,-1.6731022301634,0.968872027693208,1.90064135955958,-0.477572474902086,-0.257423745771915,0.0387971051159021,-0.674141746120243,-0.298174448301621,0.562107470778885,0.0242802176435906,-0.321162200866255,-0.676714373973384,-0.175114647068484,-0.975417972651235,0.76262219911038,-0.446555071552507,0.0459431093789116,0.0186441947077644,18.07,0,Low,0.017651746,0.95390725,False,True
80308.0,1.22323563396089,1.34921584037669,-1.43838080897967,1.7194208193126,0.727720154539421,-2.00454749643351,0.82405202298876,-0.440927521525762,-0.557041896932147,-1.56822169941752,1.21244653075773,-0.0648079994213697,0.383930721728856,-3.47389660247239,0.983629541294794,0.913290158872375,2.79319325310914,1.15568182612661,-0.96519705511887,-0.0080260690923123,-0.181703804168394,-0.398149325142716,-0.175875954908598,0.402648085993932,0.83321349855634,-0.316511877940258,0.0439927280092012,0.101693125321926,1.99,0,Low,0.050464746,0.69905263,False,True
80357.0,1.15145558770782,0.597118050645991,-0.362003839772026,1.18881438470358,0.294775090123678,-0.45711180348196,0.103891342835176,0.0633484195598094,-0.293038466704534,-0.544975249295034,1.97295929255078,0.442619433003718,-0.56711472099763,-1.03114723743365,0.685372942454706,0.520075557982223,0.944064337651033,0.68941793033851,-0.690518072297741,-0.144463006426415,0.0067648442772957,0.0712626408285094,-0.102019233882531,-0.126530889398974,0.574917903587932,-0.313621730060713,0.0452707369135439,0.0430158957734239,1.0,0,Low,0.0004966394,0.57467073,False,True
80644.0,1.17707601030142,0.578650670162681,-0.37680513437862,1.0665862689751,0.454467235389886,-0.208962500317082,0.125941599637074,0.0483905451999444,-0.3596358391332,-0.447753491077379,1.7094862644039,0.741439697863187,0.167937781118629,-0.896235699252675,0.607437853632363,0.492310347292224,0.567366062658556,0.589399478988932,-0.529684378955781,-0.0998754911163204,0.0085811407847095,0.107824477386428,-0.145691756415266,-0.410072495390181,0.640612284890062,-0.29578187331273,0.0457356566148637,0.0348618061038354,1.0,0,Low,0.0007099498,0.556774,False,True
80823.0,-0.243092646062728,-1.77447055177578,-0.749602977081876,1.81708449762956,-0.600215150110192,0.0032360201685494,0.906256628091096,-0.0667656470937795,-0.361785662047608,-0.66417911460138,1.89730363821836,0.681340354077464,-0.163563223166033,-0.527369733490494,0.790211843478178,0.652967975593184,0.526123129420927,0.585179048715767,-0.906858825888101,1.31372065965796,0.365227090087668,-0.54457652089886,-0.625992269879988,-0.0694116641476835,0.133379698790644,-0.511005252752851,-0.0846603165601087,0.164466097645804,715.19,0,Critical,0.13128422,0.8478318,False,True
80840.0,1.26284185284082,1.18752836835104,-1.92362649915904,1.34278622386069,1.24601023049379,-1.04726961076876,0.616627448976054,-0.154016818156162,-0.56266585185133,-1.363241440488,1.68236783885849,-0.37113558039022,-0.653815730311692,-3.11691308163283,0.494103314172841,1.5001682613396,2.18903871079859,2.16889510279249,-0.232742643110617,-0.0357998776282409,-0.219795123143871,-0.592129156283374,-0.316088215473922,-0.837672870819484,0.918383043863261,-0.258449418119942,0.031320427310609,0.0771447244526076,0.89,0,Low,0.0004557758,0.9965995,False,True
80892.0,1.26284185284082,1.18752836835104,-1.92362649915904,1.34278622386069,1.24601023049379,-1.04726961076876,0.616627448976054,-0.154016818156162,-0.56266585185133,-1.363241440488,1.68236783885849,-0.37113558039022,-0.653815730311692,-3.11691308163283,0.494103314172841,1.5001682613396,2.18903871079859,2.16889510279249,-0.232742643110617,-0.0357998776282409,-0.219795123143871,-0.592129156283374,-0.316088215473922,-0.837672870819484,0.918383043863261,-0.258449418119942,0.031320427310609,0.0771447244526076,0.89,0,Low,0.00045979,0.9966047,False,True
80945.0,1.26110315384067,1.18465527507505,-1.92463567760227,1.3435173007098,1.24512260857246,-1.04694573054929,0.617821731762991,-0.154250416646005,-0.562771859386138,-1.36366062802946,1.68238073329002,-0.371098510541891,-0.653655272353696,-3.11670932521918,0.494216533683127,1.50028696642461,2.18906539318503,2.16907950133375,-0.233030094325184,-0.0339670633823351,-0.219249785386579,-0.592604165541732,-0.316881475025232,-0.837626689589814,0.918052585934213,-0.258545405178429,0.031150375055364,0.0773014304147757,1.79,0,Low,0.0004986844,0.99666864,False,True
81086.0,1.16202848638079,0.653275162784026,-0.476438235739924,1.27062478337572,0.475546498443531,-0.215388416014229,0.0450209218137049,0.0995651074702176,-0.323285593198464,-0.613797562546722,1.78859630161881,0.423553233610905,-0.181884023032766,-1.44584205996763,0.721481388737133,0.789417305139342,0.972395600373013,0.960678923483767,-0.714530009108762,-0.103944196388687,0.0166724767168755,0.121583189303275,-0.160283989449755,-0.463771688704685,0.614957297721373,-0.246945406914227,0.0545648237754968,0.0481281000896779,1.0,0,Low,0.164873,0.93050957,False,True
81315.0,1.26288195398462,1.21213350197502,-1.91658734052724,1.33952813656552,1.27664520240161,-1.0390340853441,0.640144949280095,-0.173616010411483,-0.614838795906803,-1.3734104580441,1.74111641026181,-0.187921456947129,-0.309312588877465,-3.18544467231065,0.456321403121346,1.4840237471895,2.1693566701722,2.12665365061592,-0.235103587273877,-0.0135046296470459,-0.215767745630594,-0.563974798995323,-0.320319989283463,-0.828235565918038,0.929998441458884,-0.259615538616206,0.0335516160124177,0.0779037171900644,1.0,0,Low,0.0026448395,0.99963665,False,True
81458.0,1.19018020590674,1.23003667024886,-1.48748077890579,1.58300831128472,0.762229633593205,-1.63231010668386,0.653119374155676,-0.232086857915996,-0.665316366671171,-1.37100384651726,2.64051573892382,0.081442965315026,-0.623168355859503,-3.09707273315801,0.395555864066273,1.18959983949487,2.55177723425669,1.80663552201311,-0.622783680138331,-0.0554534074378224,-0.149513804294709,-0.385023505608364,-0.191272647707594,0.200696352949034,0.787895639217703,-0.323103349484543,0.0340316102864742,0.0880729997140757,1.0,0,Low,0.09832623,0.9520939,False,True
82013.0,1.19054427884194,1.245361599775,-1.48305993327559,1.58091049276824,0.780784196135845,-1.62743212800532,0.66699632570421,-0.24380069178673,-0.696599402742093,-1.37702328259837,2.67576236018809,0.191364190166096,-0.416497849444086,-3.13823153326337,0.372864576731142,1.17988991756596,2.53996279199195,1.78125459054798,-0.624144033954327,-0.0424346756571937,-0.147204021614835,-0.368038000536121,-0.193656585681063,0.206349704893877,0.794929500658979,-0.323784250979753,0.0354035781708073,0.0884977506350591,0.89,0,Low,0.0015001969,0.69869334,False,True
82354.0,0.952770448196145,0.100981753586661,0.666052263915548,2.55683848796976,0.0285890333424937,0.874304500727843,-0.107576153698665,0.243333926817194,-0.533569173867938,0.592697234284969,0.707002038320114,1.15061181258709,0.43296073551536,-0.0820975428941233,-1.37682784058952,0.0780698815244832,-0.272235651482239,-0.423496751567524,-0.587321908452815,0.0002480766751,0.0288648787846033,0.137859532326232,-0.175606908022228,-0.280604566245272,0.55937672004795,0.100997398642336,0.010832512527578,0.0173684272590774,77.86,0,High,0.00087227067,0.9950938,False,True
83588.0,1.14760861448143,1.23678027212118,-1.49990929138798,1.52566289951282,1.01716687610597,-1.1437858557836,0.626955745541008,-0.136698232827319,-0.784290777758625,-1.43748505801412,2.99130281718058,0.571423340943813,0.118401676941392,-3.22026989650874,0.563975785890655,0.861524503481323,2.78652941412402,1.26440472153504,-0.986184557921333,-0.0384213798734759,-0.113155321068803,-0.208335377766833,-0.170929444758744,-0.0899080477328918,0.740867942466674,-0.295937998290485,0.0554915004581694,0.0862936609170299,1.0,0,Low,0.00182198,0.69864804,False,True
83999.0,0.427680744987636,-1.0575514902512,-0.666178853490419,1.41032999828802,-0.136650085868886,-0.229986188026544,0.965491768033886,-0.364394608560961,-0.0297326391144684,-0.299878992778733,-1.19920354686258,0.611087215322831,1.09731348851328,0.106401491239072,0.0364840917456876,-0.161594639892052,-0.445540954777243,-0.187732069352052,0.0887363444595397,0.848473938462218,0.197025060997842,-0.241737952742464,-0.665380626112572,-0.387567125120808,0.825058066813841,-0.276130678005261,-0.0694947476216676,0.0862079399163365,456.89,0,High,0.40940234,0.97315955,False,True
84432.0,1.16055260536319,1.22569128097577,-1.58793298451922,1.47834386956611,1.11298315673547,-1.02664586104578,0.620738374953253,-0.121310782747464,-0.763869957310622,-1.43631012680349,2.79992790851313,0.48101386530177,0.112332159977406,-3.22403025257586,0.583771004869945,0.923665726327449,2.71410912141656,1.33693653013643,-0.908540455173208,-0.0328484036624771,-0.126701665706829,-0.250136715190799,-0.19657338324524,-0.297262186465068,0.766628877570889,-0.283110969493363,0.0547959686445043,0.0842521374324812,1.79,0,Low,0.06323191,0.95995706,False,True
84625.0,1.16765173337053,1.32276557752299,-1.3754538712491,1.71525737000349,0.831700139481784,-1.64798790576927,0.761771610452826,-0.325647281349607,-0.602525593595453,-1.61757267899616,1.64886106050166,0.185796347274455,0.511464260338889,-3.46997699932796,1.20026143243367,0.552133461693814,3.13579333951724,0.616953421190443,-1.40199169737565,-0.0367025370256619,-0.139049467690045,-0.230336647419581,-0.122269857817074,0.302410572596624,0.739517885379929,-0.300074325345473,0.0621323882252064,0.100588774846535,1.0,0,Low,0.00058096566,0.9574931,False,True
85182.0,1.17637856626621,1.02174972246939,-1.780923167506,1.42907766247625,1.03914135043062,-0.900584986721085,0.442599776659598,0.045192539088552,-0.351829401759413,-1.36143263104564,2.06942605401093,-0.996343016750173,-2.40613410393608,-2.73030073431849,0.890550346895508,1.13982030691936,2.74301498923653,1.75976953790342,-0.769283017798375,-0.181842398603396,-0.176092593721171,-0.522495486418605,-0.208286425569356,-0.693778789417447,0.721934812434208,-0.254573791533532,0.03701921825681,0.0758876396667883,4.49,0,Low,0.2425171,0.99903226,False,True
85230.0,1.18333336226683,1.03324209557334,-1.77688645373306,1.42615335507979,1.04269183811595,-0.901880507598962,0.43782264551185,0.0461269330479229,-0.351405371620177,-1.35975588087979,2.06937447628481,-0.996491296143489,-2.40677593576806,-2.73111575997311,0.890097468854366,1.13934548657933,2.74290825969076,1.75903194373839,-0.768133212940105,-0.189173655587019,-0.178273944750338,-0.520595449385171,-0.205113387364116,-0.693963514336129,0.723256644150398,-0.254189843299584,0.0376994272777896,0.0752608158181158,0.89,0,Low,0.19381645,0.9989901,False,True
86057.0,1.25747419056073,1.16393531484178,-1.93095153608699,1.3469879190874,1.22490128931087,-1.05121553414905,0.606187377892148,-0.14297522882842,-0.531687881908358,-1.35842833299843,1.64715832490273,-0.480950126455544,-0.86002447438132,-3.07516791584818,0.517120422098682,1.51021979012425,2.20092993904208,2.19480669228191,-0.232209510012098,-0.0435441773012072,-0.220535544944427,-0.61048163244356,-0.315987102209223,-0.843193323447831,0.910398197937281,-0.258044746048601,0.029459086825071,0.0771709384671967,3.59,0,Low,0.000334719,0.9867496,False,True
86505.0,1.98107246712943,0.556684857211972,-2.16836138799611,1.5700718246554,0.880081105683806,-1.15112436805688,0.746618011476472,-0.403213559571235,-0.0152888109992828,-0.389721198228392,-0.0906976940802968,0.533294810865344,0.400782211794016,-1.11977295560778,-0.43199132560768,-0.368209699434025,1.09339306705913,-0.176272350452584,-0.578238656987854,-0.164962931772067,0.0011893792040271,0.218394521034242,0.0345805496461191,0.98460324330679,0.452912501135265,-0.548801301883386,0.0019065006070725,-0.0147027267204914,19.95,0,Low,0.4429832,0.9815274,False,True
86590.0,1.06177901330841,-1.54782368239473,-2.62964252331233,0.668293381505378,0.14407679682315,-0.441135491630743,0.872063105848078,-0.395744449888508,0.870721374847979,-1.17895286876014,-1.14307086804371,0.536956533569755,1.16732383708527,-1.73665768558535,-0.0417671144458551,0.291026270466102,0.82498680578976,0.306699301968739,0.248867621665379,0.991360255742699,0.015797924894192,-0.825729740663468,-0.418136116746801,-1.13513366891194,-0.0984838990686056,-0.0804895219814148,-0.0963438972201822,0.0653024513568693,539.66,0,Critical,0.025366608,0.51245654,False,True
87057.0,-0.460964452412393,0.275337737311135,-1.75480688299762,0.0801226398124671,-2.46228747639262,0.636624484860575,3.76271947953775,-1.5420373139567,-0.0598037466307056,-1.41766493843416,-0.707771864441412,-1.06772539933772,-1.07676334130395,-0.613395913728418,0.900425875160072,0.416983790632225,0.425738325664081,0.970918455736375,-0.254484849278099,-0.2110824409874,1.00751952490435,0.667622246124305,0.478413831407048,-0.118394710065733,-0.257767557041356,-0.131323521764789,0.442250196254505,-0.071030107103474,739.21,0,Critical,4.4690006e-13,0.9998661,False,True
88049.0,0.989469416820048,-1.65877897365426,-2.09181913528909,0.796545429863524,-0.532268750152883,-0.79825245329917,0.614554884698839,-0.199738255906097,0.845344445951895,-0.88171400411454,1.18368335996372,0.561269164388869,-1.11401022369538,-0.934325862585284,-0.62351154602873,0.200986660636726,0.987619106296151,0.609232472514656,0.1550115034914,0.779771524386863,0.110980308769399,-0.633261086675454,-0.24109962099523,-0.0977300772328472,-0.337930839632335,-0.158751702903601,-0.108548743236727,0.0545551003218587,513.41,0,Critical,1.4116167e-05,0.7434699,False,True
88095.0,-1.34158659596627,-0.828414430377514,-0.271852909189482,0.51293332001786,-0.0418453753936645,-0.602636366476763,1.93464968783871,-0.246000987572281,-0.136762904195368,-1.68126578928676,-0.56395952253122,-0.243302583078332,-0.162601076066459,-1.36054921845479,0.226729374180301,-0.473932369838749,1.47268824874967,0.425889543596181,0.998060994495365,1.16003839042632,0.152641579215236,-0.282152052491943,0.961190316206653,-0.169916823771493,-0.0610692982116235,0.0541004734162343,-0.008459931984766,0.2307507125408,440.55,0,High,2.996815e-06,0.79623616,False,True
88282.0,1.17568823352573,-0.836397005153085,-3.47170804127536,0.981901898765499,0.484037123434608,-1.39534885496396,1.06807015994127,-0.358100509953532,0.416942615304882,-1.46809350119408,1.44005547343166,-0.360934272343869,-1.61694601110521,-2.21109002533323,0.256854214484478,0.874384263110064,1.99330603273759,2.02340101220628,-0.176370218700178,0.664123517699263,0.206142019230599,-0.286312907231126,-0.463293298084707,-0.625268882545721,0.178532355345569,-0.559386110512156,-0.0646991039874443,0.0752979174786853,446.68,0,High,0.0004073762,0.9996867,False,True
88288.0,0.275343446013209,-2.61505367009068,-2.85264231254881,2.0948157894358,-0.311217673406599,-0.975472039029779,2.03460935868658,-0.741880698276359,-0.11510466453315,-0.121959122800615,-0.870504889341501,0.370453748489292,0.0641900989592366,0.857998175138023,-0.277819320726066,-0.659006247962125,-0.142907216699585,-0.432885321213287,-0.590268341642215,1.57774034451604,0.709157625091214,0.177327968017991,-0.889961435383441,0.0593259448029607,0.263623131665872,-0.481839867746578,-0.200108899904439,0.0926169977118864,926.2,0,Critical,5.0821583e-08,0.88278174,False,True
88710.0,1.38792867427012,-1.00616092659686,-2.06462781384952,0.521424111692461,-0.0316448679410522,-0.568250401574449,0.414694376531585,-0.17042592528275,0.766000679766193,-0.819421420978535,0.90039006667097,0.866953321630533,-0.173703030462548,-1.18291565841797,-0.709425882976735,0.27537878417454,0.755534386087059,0.619225288170837,0.391293560073942,0.468940273753338,-0.0246668836699276,-0.550051193695075,-0.145545864313628,-0.567062171417187,-0.174207934679308,-0.111680062726216,-0.0677902921862984,0.0187775532682651,325.11,0,High,7.740716e-06,0.9607809,False,True
89306.0,1.16380831067975,-1.36695702688423,-2.343263460167,0.717880944584002,-0.0789781006292578,-0.607036112878708,0.637074348415982,-0.262715589345642,1.00317577737818,-1.11135510517966,-0.563195950735197,0.0977780200377464,-0.2984478879966,-1.45383354056488,0.0689760344394086,0.101249160346543,1.20739616798635,0.187176689648275,-0.0508430239339825,0.742295031031214,0.0059734528111185,-0.777780126243324,-0.181038983514058,0.489588479494665,-0.216816450382123,-0.158635548473713,-0.0932967170216365,0.0646685061846466,458.17,0,High,0.0011542388,0.926402,False,True
89840.0,-0.364579719879505,1.58011415395374,-2.20043278902582,0.423861238937782,0.822198418667345,0.004545697821028,2.04210370583951,-0.100054812735228,-0.67202713232948,-1.12945147316279,-1.33853807826409,0.167827206476774,0.954955095850361,-1.13705604268506,-0.922427981256586,0.130687625244785,0.649517764412878,0.298779821828295,-0.429453430658941,-0.371425017751879,0.0780610323037922,0.384678010033848,-0.146178227949457,-0.0594413062498361,-0.189812324926512,-0.672697919267093,-0.0881274428040212,0.0050506814261247,205.37,0,High,3.6141348e-05,0.9825472,False,True
91417.0,0.622927118717105,-3.10369433126594,-1.78607833234751,-0.873070393807,-1.48396325691026,-0.972129667464022,0.630479191124548,-0.559709175635908,3.99821909129347,-2.13598418106326,-0.0417968839296547,-1.26807636106476,1.65992390641151,1.43254687732176,-0.728906858726951,-1.58327657095078,1.0808443724545,0.310134544229974,0.889082902383408,1.25342123240721,0.438925966975927,0.349135370471995,-0.706328529796274,0.100519512697662,0.12007469307492,-0.72906817648533,-0.102988547210332,0.0727216788598812,760.66,0,Critical,1.2854859e-15,0.58268,False,True
94415.0,-1.28379012689621,-5.37319204557109,-2.64021192821139,2.97499165483506,-1.81317726340434,-0.101964454026859,2.07355766216145,-0.690197309546748,1.86409760202789,-0.888299970775246,-0.179392123289394,-2.61489655229258,1.10480914806494,2.15872940300067,-0.291110958831097,0.0354410632716579,0.38689662821407,0.822627061281758,-1.41685435655808,3.08040880621479,1.2774759955863,0.296632034642693,-1.57195434464097,0.0329677242581378,-0.277990339460406,-0.458777689094291,-0.324685704720064,0.237097440593954,1702.0,0,Critical,0.09392008,0.9998814,False,True
108915.0,-0.935291668750332,0.821874109447777,-0.334296511192274,0.486751742690026,-1.58857687992932,1.02812355950626,2.7675361554942,-1.45186304585312,1.77721299249525,-1.12617841398632,-0.821275751859377,-2.82035883382179,0.611149971458164,1.23867265309273,-2.6685290749256,-0.44627567860085,0.436167619759422,0.150078853782447,-1.15994745486384,-1.10183642847963,0.857581867222931,1.15603973479733,-0.220294465721955,-0.0023648475230211,-0.186347048385931,-0.480548112730928,0.40526039643907,0.0074898161569398,492.38,0,High,1.560034e-08,0.5426248,False,True
111797.0,1.92629461159061,0.171197970471566,-1.52201307449727,1.43552305553327,0.501153113252921,-0.147239655884955,0.0129203974443042,0.0137670689168488,0.400567429035245,-0.186276929441227,0.935919407375827,0.92249576968207,-0.184407819881023,-0.981395208600537,-1.18223346820975,0.0526733715589747,0.530889832608911,0.65508495213693,-0.184251679540195,-0.198569998391977,0.0961679231145818,0.519602179437794,0.0195067838440376,0.615792547442369,0.297578879450018,-0.512258065662036,0.0308372292426928,-0.0251285590199533,13.1,0,Low,0.010591261,0.9846511,False,True
112047.0,1.30586674038093,-0.897139237314237,-1.99087071036405,1.68662855672311,0.139218254786005,-0.99312927868795,1.20390029119122,-0.569285818673638,0.0180388679019307,0.0565948367784208,-0.809634333828741,0.830208094666472,0.725821943691396,0.435068482713228,-0.572756131022175,-0.733303372276225,-0.168221218029774,-0.697027788301572,-0.349498209446591,0.519905356298208,0.287465113786717,0.252170411038454,-0.342973556124146,0.0368005224855834,0.351763690475305,-0.532503153989979,-0.0793861220701071,0.005164860763628,383.09,0,High,4.9630904e-07,0.7296631,False,True
112079.0,1.9466506760572,0.50962050984182,-2.18553418557572,1.58324878519546,0.874754262925079,-1.14141517034005,0.779679772664684,-0.415680043895515,-0.0382576445275859,-0.40209151315536,-0.0669428698118211,0.607314690371817,0.541761605655746,-1.14314985651243,-0.44486158892789,-0.372316353043716,1.08604873994269,-0.189516610882666,-0.584876485043025,-0.119742891749014,0.0136016533887631,0.220247913905573,0.0171760126093602,0.989292861489707,0.451013390125509,-0.551168933753658,-0.0005691922477545,-0.0112953068681653,37.82,0,Medium,0.0011732623,0.98208517,False,True
112185.0,1.79927969902317,-0.276845962951566,-1.60842627380094,0.463350801959252,0.193174003493339,-0.411200675218326,-0.0013956150739601,-0.0597043729054337,0.344852444851381,-0.347536064075026,1.36867507863036,0.960486010538719,0.2954666933337,-1.00912628653424,-0.29747686133451,0.575539570848711,0.400917920485755,0.540817978491216,-0.0882252364500834,0.0848126614317667,0.059336026337898,0.0805116779689449,0.0994194346428985,0.65157055383928,-0.197393851263758,0.41867800949911,-0.0652537698370242,-0.0165646221350949,104.83,0,High,7.653332e-05,0.99355465,False,True
112358.0,0.398489911503453,0.843581702852342,-1.07065381862522,1.44216439764011,-1.07560315110816,0.22160441753888,1.11976744533828,-2.14708309679906,-0.334825722438871,-0.426184870829252,-0.219798029296656,-0.0923673421145178,0.525419375235151,-0.540258678129043,2.22487698563035,-0.642881154556219,1.33328530116642,0.918789158273042,2.03455431572341,-0.0161813507547967,1.72143154311507,0.35316067368244,0.0323571731365036,-0.13790900453755,0.696699464405764,0.402219889963289,0.43811132344559,0.239075318326517,298.85,0,High,0.023266146,0.9998246,False,True
112532.0,-0.656387778349451,0.538490320777983,-2.52289259904769,1.62800258060361,-2.23781070549616,0.793888776547007,5.12828141568442,-1.69025530737886,-0.473880652154747,-0.854967881386524,0.600241864424138,-1.54211146915482,-0.282107395896137,-3.3518931834412,2.00293955890617,-0.015327096345602,2.81286395733448,1.31239187727511,2.24607673956887,-0.64158784786409,-0.472213806417158,0.513928162890506,0.293940772572674,-0.0699390887626011,-0.89487541782462,0.971569097261796,0.304241972877773,-0.529811412645135,828.0,0,Critical,6.009642e-08,0.9994686,False,True
112948.0,2.04355126135424,0.125973691745532,-2.03786289436535,0.395506087358462,0.836672082608665,-0.0233079352080693,-0.0215241579196714,-0.0412739254616024,0.425730896338283,-0.548662550472069,0.768806690033499,1.15682030269314,0.996490518857574,-1.77583541029032,-1.11102491697264,0.413494289511762,0.723384639980395,0.688825596398534,0.344261011177848,-0.0631458714918926,-0.0122222057664019,0.283220559363079,-0.0225488016934979,-0.0075311174028914,0.189896503295047,0.626797363428068,-0.0390373347422066,-0.0385732829225403,1.0,0,Low,0.0104374355,0.90206915,False,True
113445.0,1.99273950536306,0.118706996367885,-1.76202793313419,0.569876790278174,0.448450786640186,-0.500886654419152,0.0012670197330381,-0.100348120409552,0.411793344364643,-0.537765258705301,1.29162133294428,1.24977619908134,0.671444039516821,-1.69735015632882,-1.18433121602794,0.284133327156016,0.926815102858363,0.58263541633427,0.158972702535439,-0.0802501490385469,0.0278805898587115,0.364595755883204,0.0521676253376945,0.719717319350568,0.104737595789247,0.579504335785391,-0.0438277920652082,-0.0305165533973218,6.99,0,Low,0.0007426596,0.77230066,False,True
113528.0,1.9456151265668,0.233408499633871,-2.70882058046288,1.38217930632701,1.19987500681983,-0.561540064083108,0.691269405457765,-0.25985668295306,0.290789757833693,-0.367881546725472,-1.30877724369867,-0.65750711129031,-0.988735563295122,-0.855121870167581,-0.173410731288975,0.0228800384959583,0.800121158189937,0.375786830368824,-0.185845463211231,-0.117292453657537,-0.052584747111354,-0.136515465823665,-0.12720758548826,-0.11805492117119,0.520092977857191,-0.483739890167908,-0.0205055996397474,-0.0190404143671706,76.36,0,Medium,0.005986632,0.89340895,False,True
113943.0,2.01876898261174,0.615606532935595,-2.18849804133601,0.875670180349274,0.340470037370187,-2.04935020407246,0.399161657054224,-0.450224147438924,0.448453366976285,-1.20579222585357,0.608651428160546,0.0162493807274322,0.108124750212497,-2.5493815595915,1.0171493386844,0.638668103740572,1.91145448937648,1.10782674677523,-0.858728519603292,-0.154482043955063,0.127528710999789,0.579436389012109,0.0021511617819976,0.250883501421332,0.208587559820826,-0.129466644251801,0.0220021705007862,0.0125556524176309,1.0,0,Low,6.408353e-05,0.52276886,False,True
114387.0,2.05100244186693,0.533918556372602,-2.36974132467608,1.45059098237362,1.04766945092799,-0.904436931383653,0.645275439382059,-0.312175214944524,0.167084271275066,-0.351669706451656,-0.688798460426812,-0.143377522591888,-0.488928817369455,-0.95981751737766,-0.292504480148771,-0.184222513967572,0.972629712322995,0.0966436688412894,-0.383485956599775,-0.250104316830464,-0.0532313408901194,0.0598764697674847,0.0031973280239192,0.473029950315879,0.491512989856284,-0.513557527323419,-0.0014938678493091,-0.0249885700733513,1.0,0,Low,0.026963644,0.71756333,False,True
114527.0,1.81880175212492,-0.0399367036401092,-1.54044085532979,1.25489838974399,0.523511427080737,0.132561293696071,-0.0498378098024065,0.0699279524651306,0.338995224092742,-0.174273883326327,0.761104943793288,0.703465355717396,0.0783286272101856,-0.909746444220695,-0.291686707170329,0.720016648212448,0.0356387986197676,0.945391593230066,-0.227056698475298,-0.0204232416205102,-0.0047391226387433,-0.0626827994520391,0.0709969753926846,0.0888544560080697,-0.0005902618521556,-0.72675924963178,0.0265245176080043,-0.006389785340042,82.0,0,High,0.0031121818,0.9826633,False,True
115192.0,1.55620347563696,-0.669203870290549,-1.95011936624727,0.442890075492087,0.127735774348441,-0.579812994583805,0.355617384223505,-0.194868783434667,0.651039369516667,-0.803280449519493,1.04013940265859,1.30308157503125,0.637583945562504,-1.36710015474963,-0.811053815331871,0.225150003025272,0.705716590284529,0.500009546712848,0.413431491896517,0.345166856282553,-0.0677498811083687,-0.43653467400692,-0.0789727692568352,-0.548879596062306,-0.11436688649946,-0.105194243706661,-0.0459868514929692,0.0054414904708454,238.32,0,High,0.00085603853,0.9982767,False,True
115789.0,1.89297835394443,-0.162656725642541,-1.95488204462308,0.182749300200188,0.562966567657232,-0.190786306383162,0.0603720067719204,-0.0389985511666941,0.695389204649499,-0.726495650984711,0.930190779572071,1.11787501280811,0.41882740989484,-1.37940155985478,-0.75925149651816,0.258121791014329,0.667743346837953,0.548181116010224,0.502219612023392,0.0236744763866893,-0.181103758170274,-0.434228223077033,0.0994595299740424,0.121912487875163,-0.0339019057830477,-0.117240183204827,-0.0209439105990785,-0.0176449482534131,71.38,0,Medium,0.050869092,0.50292593,False,True
116205.0,1.89258652470068,0.490182926825008,-2.77771454600702,1.58329974812965,1.10968942362979,-1.00408235713274,0.714175963612127,-0.250260906927575,-0.0682255971804623,-0.631337428393147,1.05872785858677,0.146286386006938,-0.879724551922231,-1.77078416689072,-0.869547510153833,0.429204740057022,1.49502284230467,1.16094376833961,-0.181430999535054,-0.12559794091847,-0.0391270131714126,-0.0342572747180172,-0.144920467800964,-0.691296861702761,0.447667330549519,-0.484993516808758,-0.0009308356153888,-0.0115414825910917,60.9,0,Medium,0.009702014,0.99619675,False,True
116557.0,1.25246131332555,-1.22057905968996,-2.11104768628524,0.59293460465926,-0.133420305643876,-0.584485092323466,0.505218589673651,-0.191954610289298,0.754594654760002,-0.850719310128264,0.962821628883782,0.888143628920447,-0.183108258309208,-1.16158338586557,-0.705080766500038,0.264167718875694,0.783671164224781,0.611195806438541,0.343225203412029,0.603636441081182,0.0207914516072354,-0.573473982186013,-0.196265475573315,-0.493280163762471,-0.20872175615238,-0.123223097958678,-0.0805208565017748,0.0312341616684261,392.66,0,High,0.0019448032,0.9788063,False,True
116918.0,1.90433831490971,0.54395645466839,-2.76107131692768,1.57382071564471,1.15854912109156,-0.994731255814508,0.739066921824323,-0.276128436910016,-0.140554641507311,-0.642754318109458,1.14088912200866,0.402536802314173,-0.398499501111767,-1.86809899531552,-0.923203775531779,0.405803930708399,1.46728850190826,1.10056534777154,-0.182802732860294,-0.106713324238924,-0.0371569899668739,0.0083540544298131,-0.145508958552511,-0.678395280578987,0.466151767519451,-0.485980412556771,0.0033367134040907,-0.0115330015308364,55.0,0,Medium,0.35788384,0.99965143,False,True
117762.0,-0.819624974895546,0.99599618971465,-0.448859645828936,0.192201971818982,0.0208955336263257,-0.427102574943955,2.8494685366094,-0.516087302930155,-0.638301434901164,-1.3560565790826,-0.725658962456713,-0.350026416354899,-0.312114860508601,-0.930579216318409,-0.679353136024483,0.292129195337363,0.298855028581244,0.0207245259847954,-1.15806720107423,-0.186708886025988,-0.0883767682998069,-0.198589237813193,0.0177178887042566,-0.153882005157599,0.0696118267085618,-0.877350923086194,0.138029805568709,0.126809444764975,325.1,0,High,0.00057266693,0.9948671,False,True
117841.0,1.93588756769368,-0.0598521870722084,-1.60760970656452,0.314291105220095,0.473263469273963,-0.0862857772880077,-0.110021228826363,0.0026074010098338,0.609086483109024,-0.494495508050851,0.975521769662484,1.14345524649064,0.702643239364533,-1.05218211538846,-0.146101171936104,0.507819905142169,0.118096822958476,0.805119073725995,0.164533209511229,-0.036785356870336,-0.0334984454941454,0.0008550055236015,0.104855293684391,0.132431586406314,-0.017590365729818,-0.406712230052932,0.0154301041731501,-0.0189145546085092,40.92,0,Medium,0.00029255223,0.9487609,False,True
117901.0,-0.205042141181116,1.06973982535439,-1.1813099429759,0.461765705007776,1.65754170006204,-0.524714457575861,1.998516755213,-0.61599163171843,-0.262940573630584,-0.622868955882655,-0.902244117334303,-0.445048777878439,-0.166571793908904,-1.45160727130891,-0.727416042243961,-0.187402731754051,0.611294089573104,0.216841539879141,-0.493395000938403,-0.267001577242309,-0.0286693822003996,0.335538377819322,-0.118876540226259,0.296011463838443,0.0166226011018459,-0.663647241617744,-0.212893229453416,-0.146210726296599,90.77,0,High,0.011931026,0.98951983,False,True
117931.0,1.47608965197397,-0.948154891811154,-2.40389900610467,0.274764348915605,0.499469605969419,0.125806543464444,0.324411379794569,-0.0434057495502667,0.772583399093707,-0.819001047971101,0.46582041058696,0.722346153249995,0.0392798958017035,-1.25408119279071,-0.644443712483788,0.436801916866714,0.547204411202425,0.796140610712401,0.593167180133869,0.476659974135275,-0.0748651794022506,-0.675755012718691,-0.151339324714936,-0.308820584787738,-0.0784077426615823,-0.113675001563488,-0.0684348119652219,0.0172056156409986,302.6,0,High,0.0010860013,0.99602085,False,True
117972.0,1.9371771605675,0.0856952597756861,-2.08229091616931,0.265251727493149,0.23984057322342,-1.41942416643668,0.301194149310316,-0.371435738413323,1.29916847083923,-1.54929181097617,-0.105570755135114,0.809902517040079,0.672129795723703,-2.39967362417046,-0.0088335602479,-0.356955832576837,1.80039563969281,0.589792790457372,0.0441763774415808,-0.0534512740752811,0.0274677231395002,0.434111066332245,-0.0957812973613136,-0.147220075945788,0.386887431482592,-0.550316117113185,0.0613574146191027,0.0070480215130061,50.0,0,Medium,0.02274011,0.9998636,False,True
117979.0,1.84283814573111,0.189645949784115,-2.06773315121108,1.42999430086039,0.794623232994157,-0.742777008568734,0.661071454047149,-0.340898091295596,0.081006018643194,-0.32496070549061,-0.584387573902042,0.453952171837205,0.72665849559224,-0.933391870253624,-0.0438989026609633,0.118934912751772,0.447916930523927,-0.007725380765772,-0.346704590889568,0.0497888085771424,-0.132179869609206,-0.444051469296124,0.0577164043462212,0.461241892633592,0.192143059780857,-0.770996279343836,-0.0064797062234313,0.0010950057898836,107.91,0,High,0.36844364,0.9971718,False,True
118942.0,1.76716741510346,-0.310209793712976,-1.89215475952133,0.455257739211218,0.249381811447074,-0.780900394417859,0.319866942824101,-0.281936482047255,0.854117654974328,-0.936829676782203,-0.400094139701372,0.774296816316979,0.897259761848121,-1.62916103043003,-0.172919363991868,-0.0017639895375559,0.978209515408711,-0.0214256898628105,0.11243625850553,0.193992514299702,-0.161084839954442,-0.504835324056387,0.0782770064544884,0.625130454627518,-0.053497678010312,-0.138450195248537,-0.0316686009530774,0.0115310232476715,149.53,0,High,0.0012140735,0.8594513,False,True
118964.0,1.99543061014647,-0.89723831682644,-1.24263795338476,-0.717488173058525,-0.64508063754406,-0.297512534409833,-0.997411307926164,0.088555372778162,-0.188548660716512,0.217909749302921,1.38603207268499,-0.181130581942633,-0.0790829025542215,-1.86835544373903,-0.253620108149277,1.83601970814658,1.17994701306297,0.0139080247122048,0.405256432556842,0.156999005736952,0.321742079769127,0.828098726862851,0.0945939036635695,0.602727979050359,-0.205191976535236,-0.142936653716233,0.0125290382182411,-0.0061649818435134,69.99,0,Medium,0.1146991,0.8391122,False,True
119019.0,-0.229658597199889,-4.42439046701928,-2.16073147719494,-0.903645828625567,-1.92030384580774,-0.892543954357085,1.36294801555696,-0.623072666692532,2.28091680537611,-1.98402196030674,-0.466888350809133,1.89540395155591,1.44064250229705,0.0365136625414787,0.775427593588995,-0.968774184630432,-0.0362417063004887,-0.311403640644782,0.982386958269477,2.28635210358482,0.364554196281098,-1.26955073478977,-0.706147754357448,0.0325427144140693,-0.62805824882403,-1.38061351819911,-0.146109781042369,0.174931740798672,1198.55,0,Critical,1.197285e-17,0.9831819,False,True
119057.0,1.09161315167342,-1.51858565767148,-2.28969648519303,0.655850050002505,-0.198973508726521,-0.392399503606304,0.478373478045751,-0.0683143924550613,0.890563289172253,-0.916175155582122,1.09522015844088,0.280266417160658,-1.45707294325411,-1.03723617645543,-0.526613471053866,0.302919801587304,1.07309361504851,0.762565079778975,0.18451491511358,0.699757229470487,0.0613205387757459,-0.727492235727295,-0.169804056385193,0.563066779964238,-0.306405324190939,-0.18315353802102,-0.105489357569543,0.0553964272903331,467.29,0,High,0.0018056957,0.8287443,False,True
119155.0,2.01734706130602,-0.019641267165892,-2.00321419918862,0.462382954113867,0.576659907917094,-0.172456664352439,-0.132730655926525,0.0482270908760188,0.687010033471296,-0.498399121937674,0.628173961676984,0.253723466780049,-0.851252835517639,-1.40179619454361,-0.924865451278642,0.444374146756017,0.895983487273561,0.851199765892246,0.283420868762698,-0.173402732201431,-0.0170510327480685,0.166137611634305,0.0173135591565869,0.132227213684413,0.101054449289365,0.620530662197499,-0.0517914531317634,-0.0395145187003167,6.99,0,Low,1.8161813e-09,0.8015974,False,True
119512.0,1.62694403498989,-0.0219329044820222,-3.26471166337307,1.69042058969833,1.23722574213542,-0.877844349561688,1.08499342849442,-0.43531788703901,0.12936062369038,-0.901245563960398,-1.12242490790219,-0.450631772117225,-0.0873359417564052,-2.07645808693051,-0.160087402701538,0.420062280696376,1.48306249794401,0.846197942503778,-0.288624207690608,0.294218166144188,-0.0158227571971966,-0.317255363042478,-0.381315719080323,-1.26362500117001,0.516021197546316,-0.448723144006727,-0.0289854935761986,0.0252239311428958,244.5,0,High,0.094071746,0.8603665,False,True
119815.0,-2.00428105187988,-1.21522108961231,-1.23698493298438,1.19069282997913,-2.79597347109105,3.87114221615553,5.04431182698224,-0.487212689494978,-1.55421074610432,-0.630569362783213,1.3434539512294,-0.303415531423017,-0.312073806988342,0.916646796509249,2.32395351547163,-1.12933823182263,0.803304192879658,-0.612501044810343,2.14351065316063,0.304982144002463,-0.145989768641266,-0.079606480985709,0.486163193878923,-1.56229071803484,0.256537241686521,0.810764533188638,0.524493345817925,-0.280752735332732,1205.0,0,Critical,2.6279473e-35,0.99784374,False,True
120052.0,0.263618372073488,-2.7057552119766,-2.36995845552553,1.29905955568192,-1.0088048465746,-1.21702814990805,1.38200718193446,-0.599577058089478,0.760805043879725,-1.27830161456377,0.0534532645966732,0.951607612821023,0.811873014285139,-1.39137414039521,-0.146353193377468,-0.0693800547457375,1.21185802345776,-0.0513235889943349,-0.326981525787409,1.67715650717016,0.333455678929591,-0.763936963942773,-0.56015197083066,0.414172786158036,-0.419517585585922,-0.215154687755799,-0.169383514488333,0.140703588037883,904.33,0,Critical,0.010075262,0.98693895,False,True
120672.0,2.04645968397192,0.452158252465286,-2.53378172560339,1.3872799743749,1.16354398887815,-0.716509893752917,0.632139916544241,-0.273451069607744,0.244363899741016,-0.347021206924521,-1.05103203873919,-0.450070781290299,-0.797862844096468,-0.902972753163975,-0.225612410735192,-0.0673615392575227,0.872546162554988,0.254190274170248,-0.259457034912395,-0.233627900399181,-0.0707586750085684,-0.0396711674603039,-0.0464304234378685,0.128461653051696,0.518361397882913,-0.493101074582746,-0.0070747662450267,-0.0266682747028011,15.41,0,Low,0.02849172,0.9862467,False,True
120748.0,1.80868075727961,-0.354614659078119,-1.69423627380172,0.586091980199379,0.174563115991662,-0.402958925278559,0.045298840298139,-0.0753199351606581,0.545941273518258,-0.349884819113819,0.999010057544782,0.911310490532029,-0.109532059379225,-0.996553213440738,-1.13369612454805,0.170995998518207,0.580765054755864,0.479310277379973,0.210073713550618,0.0492610024005144,0.105209188510729,0.321689480468324,-0.015277205462131,0.746002497839211,0.0408433598223832,0.57168770348896,-0.0737380586234145,-0.0266743096668976,104.0,0,High,0.019156666,0.9992949,False,True
120775.0,1.15958401368351,-1.23459976856048,-2.08854730291644,0.854626980415959,-0.311831933463124,-1.15958984908956,0.802828745097885,-0.472228517299831,0.796867204762528,-1.13512955295019,-0.23460573872293,0.907687194304322,1.05609124128021,-1.71497668220233,-0.186431788633846,0.0261274095888994,1.14559740880347,0.0229186167862491,-0.0513007523275279,0.796658904996167,0.0291833052266355,-0.603060217227706,-0.220670644205605,-0.0276305217039557,-0.190601470857655,-0.142449094590871,-0.0816018591747079,0.0620470230617175,455.12,0,High,0.028152779,0.97329134,False,True
120967.0,1.9698314879839,0.846197550964499,-2.59069432479333,1.78202014043093,0.827558289285531,-1.6604236823663,0.485045340401737,-0.339530417894692,0.157488634831726,-1.15204288081845,0.258861809718778,-0.72574271907244,-0.601294226186456,-3.06477035718799,0.992689364355964,1.09816358385126,2.28082143864376,1.55942581701428,-1.23272053004761,-0.170163616138925,0.066322806997046,0.322342635183567,-0.0644369729539953,-0.3289654928673,0.287511699149204,-0.421659646622713,0.0446192307584991,0.0294463051182216,16.85,0,Low,0.35792953,0.9208544,False,True
121163.0,1.28016292580311,-1.15996485259105,-2.27151919927925,0.667012177155507,-0.0012092934679646,-0.623764543507877,0.571279368267085,-0.25884580840509,0.978964621740504,-1.089410074606,-0.528809531325363,0.205226274118071,-0.102481710245715,-1.50858515742125,0.0387317477736767,0.0836202903023452,1.193801714075,0.149494326608468,-0.033027187835942,0.633044688007191,-0.0280968522287815,-0.729106225757914,-0.130503695420149,0.492161030295716,-0.187737373318598,-0.152913046644967,-0.080580374242966,0.0546392282516582,398.02,0,High,0.01646955,0.96320367,False,True
121242.0,-0.166097726266238,1.52009150079292,-1.88334679344301,1.55199253143623,0.644079779143252,-1.12710808125206,1.40139890652876,0.0963664082233172,-0.708877495700982,-1.17024097644083,-0.509627999775363,-0.374198719560904,-0.297086879422879,-1.69889098854642,-0.0781250001428236,-0.158090031024206,2.1758232667733,0.754698196849038,0.223457626520434,0.222108216623588,0.0351836874211421,0.120537429887676,0.0897698836282128,-0.302105446673221,0.296484185419888,-0.361617719151258,0.129456643936672,0.0129249085643149,125.34,0,High,0.018901033,0.92831355,False,True
121465.0,1.09673003063816,-1.44760481492174,-1.84205460871937,0.916015060243365,-0.302362199460591,-0.273146233486305,0.384379106735145,-0.10814626153295,0.419915813211338,-0.462037114499804,1.22079663343104,0.751031693887681,-0.0889196979673767,-0.823085198584284,-0.230408419277221,0.748736872485099,0.293450188314006,0.758387981011391,-0.170467071146332,0.78301298329545,0.214676931014599,-0.325737627699565,-0.166972034032438,0.698502542348291,-0.396174920812097,0.115706605547209,-0.119324441227652,0.0509649429082539,463.7,0,High,0.24994262,0.99913424,False,True
121640.0,0.303548382299688,1.195214140431,-0.886812163272318,0.489647705066463,1.71599919125988,-0.740911664961026,1.71491375436261,-0.468811133259808,-0.388735711047616,-0.816107216636063,-0.747354105843569,-0.407560683340143,-0.325280071669663,-1.35423096424902,-0.734996815689425,-0.234654735345232,0.728655196916848,0.166039341615046,-0.612979517106353,-0.0910205872119122,-0.0243785920069489,0.22395938814748,-0.259458938469883,0.471797677213946,0.260122282738318,-0.617048130048791,-0.12771714081493,-0.193634777260864,20.03,0,Low,0.00032207704,0.9992944,False,True
121866.0,1.88085752780974,0.29895835380943,-2.35057567675382,1.41937344119851,0.975636186599973,-0.645176917438974,0.629198735014993,-0.193668464529121,-0.118461405160791,-0.212676516483485,1.15834043779528,0.627487138504432,-0.536092564913509,-0.751027570538888,-1.00260951423108,-0.0275182960565029,0.77684975315278,0.547261128832147,-0.171897842498159,-0.117910309700091,0.0457652500749803,0.173463559129333,-0.0438563109276309,0.57931265832331,0.420452623751356,-0.547221625775735,-0.0161391633228417,-0.0229922629996344,61.24,0,Medium,7.226061e-05,0.78509367,False,True
122929.0,1.99514367191175,0.0378203196331016,-1.78676131133199,0.56763023863719,0.37833032610284,-0.442871873890178,-0.106551745173155,-0.0011108256514611,0.601462515414844,-0.506622450834749,1.12017281724765,0.599591286720434,-0.586058628487706,-1.44399625976109,-0.999457386982065,0.286183752078402,1.05144098668683,0.649249039729706,0.100820221147186,-0.17877889358941,0.0151284669433879,0.287036352082913,0.0781215601009682,0.625543784536605,0.0506309005412244,0.590024695420902,-0.0477322988950049,-0.0349028832926168,1.0,0,Low,0.00021935084,0.9968137,False,True
122933.0,0.623019329572497,-2.5056577566635,-0.755476704542664,2.13198799385943,-1.34436622609329,0.523236775579614,0.0831245419814867,0.065094112084801,1.30914190654567,-0.138086452877788,0.141739440022761,1.22214061346547,-0.439379446747133,-0.206927652214488,-1.941409971137,-0.329058627303932,-0.157760369890444,0.545280835023762,-0.193518321100196,0.999120683182452,0.693519002002768,1.00652233969594,-0.609344335388087,0.0952024255283349,-0.0073914467049865,-0.376430044864972,-0.0488177778288902,0.0616277379019593,649.0,0,Critical,0.00018975415,0.99965906,False,True
123185.0,1.89461849377732,0.655751354573606,-2.74910625571636,1.62982370698566,0.933750104462598,-1.23737933863475,0.400111928389161,-0.178489547196341,-0.008461261018471,-0.975104749431427,1.53814792467053,-0.421665737958991,-1.11001196265385,-2.78812602473208,0.326083052156475,1.47367374561093,1.88646708235296,2.31480838297915,-0.75801412874386,-0.107081893120637,0.105359063292785,0.29491421047873,-0.146123907845403,-0.663462559228717,0.286508672870406,-0.42628333899885,0.0278130695581143,0.0212427760784489,49.63,0,Medium,0.002698755,0.99647254,False,True
123328.0,2.02611072846827,0.0404373783334126,-1.9832241820584,0.465119688981838,0.603498451013737,-0.245740551778643,-0.0702549583104097,-0.0181424500291743,0.581502381584717,-0.510563550200635,0.70554146510063,0.610526310411802,-0.145991752216529,-1.54681581245905,-1.05001962067857,0.467388109624663,0.802676500230909,0.850981251402785,0.347207795658272,-0.122386364449031,-0.0142655957660929,0.201718603582711,0.0032549191900401,0.211002729912393,0.138711266606041,0.612496171753836,-0.0503583106559786,-0.0373548977005588,6.99,0,Low,0.0007761155,0.9994967,False,True
123614.0,1.23241993979759,-1.32656740307299,-2.60075965119499,0.340641660791643,0.499104042429082,0.273660944539924,0.539502662467422,-0.104398698529843,0.670460354686432,-0.89894826853918,0.443576733077694,1.0186548753145,0.728170358870346,-1.36040512224677,-0.687120923963612,0.467615276927905,0.460455412378215,0.79328137156232,0.602867524709918,0.790851223929098,0.0025584967213431,-0.720376362655483,-0.293585367828413,-0.433662183196039,-0.0853008842395848,-0.120641798225787,-0.0893537817988465,0.0400175628467725,434.4,0,High,0.26190358,0.95965004,False,True
123670.0,0.927576136197519,-1.78054346379649,-2.30435913539912,0.745037268226864,-0.362633183304867,-0.618698148570997,0.730945880437423,-0.248257870739999,0.774835703040218,-0.91482370107647,0.878166685505461,0.739058077105209,-0.411675142654943,-1.07562773065548,-0.702726560498254,0.355157649715876,0.750592402774183,0.764626735100543,0.358480688084009,0.943816907738628,0.116912979464152,-0.707846744463144,-0.350647010000405,-0.432070104658383,-0.266980163808145,-0.146405755094654,-0.117956355461634,0.0613296818437531,565.0,0,Critical,0.0053728893,0.98456675,False,True
123688.0,1.64254772924284,-0.376524820595529,-2.33179518151836,0.775311952073337,0.392076436788395,-0.602281715283246,0.304750686931555,-0.054751159706019,0.729989310945903,-0.91579062013545,1.2116498054126,0.251773645614607,-1.38105364539724,-1.53104382976086,-0.669421523904488,0.247231377671245,1.4376195703981,0.989471686237179,0.0921927084897567,0.119312166437637,-0.0244797588331926,-0.28119449012669,-0.0373262063843401,0.515655171516876,0.0533674006763876,-0.358995788653578,-0.0288561362383954,0.0152777186354252,179.87,0,High,0.0031644115,0.58777946,False,True
123783.0,1.67417033361776,-0.377807631886543,-2.65939313444337,0.649934206791201,0.723231864645074,-0.314827189520332,0.348577886543311,-0.0594702207864537,0.7243330287189,-0.968702889414886,0.655570590448164,0.154738801237193,-0.957819186342086,-1.75254764848326,-0.68857846060591,0.524060612531185,1.21348609534321,1.31087984164356,0.390641127440537,0.194762619586122,-0.0695448755345056,-0.425512147283235,-0.142208123179496,-0.0990031261236395,0.162992842163392,-0.325254014445381,-0.0317535944598542,0.0144472093096956,191.92,0,High,0.009859269,0.9992654,False,True
123802.0,-0.783810897651645,0.234013719439314,-0.356825532485593,-0.522843609125998,0.254397055697497,-0.18787095102492,1.97479351261994,-0.157274029222352,-0.0004142518847668,-1.97853935971941,-0.710464170897861,-0.309519387647832,-0.323841519068523,-1.63150443165121,-0.399073839877952,0.0284020775251841,1.1199138763852,0.33858422489858,-0.0728172966572423,0.551439336951568,-0.0064276631398462,-0.379998947157567,0.504598211128652,0.508440462287711,-0.0498306902338687,-0.158494449425776,0.03913306981217,0.214088027223325,290.6,0,High,0.17306145,0.9990706,False,True
123816.0,1.96047476633541,1.20384144072334,-2.07831376736336,3.89413262306977,1.60005210501816,0.0431547482215489,0.44613155341022,-0.0753228351756661,-1.14165538277252,0.282388593535528,-0.920095502665215,-0.618417254132726,0.581343374291427,-2.68032649777273,-0.571765523690048,1.88232438623502,1.08532901432481,0.597397507224061,-1.45352957638726,-0.118854862596843,-0.471107488016262,-1.33715245469437,0.246075155738398,-0.271873340211009,-0.117701619775467,-0.333571473273604,-0.0060253800817241,0.0192532268112451,8.69,0,Low,0.06810876,0.56293815,False,True
123827.0,0.547192625893651,-2.73030662304313,-1.47713029424713,0.283871491376385,-1.07677841123179,-0.150257865079585,0.689126719717454,-0.24324304870747,1.24502096040189,-0.818454316641917,0.747689897188644,2.0225446573819,1.08770651708131,0.125125593795176,-0.47709065475519,-0.178376216725713,-0.596380562976307,0.128288926079139,0.73991440251136,1.35445813753571,0.117684076854621,-1.08671634090679,-0.32242248330483,-0.334071555536255,-0.533370346712968,-1.23626680267019,-0.0785641360209386,0.0873862940039865,751.85,0,Critical,9.386209e-06,0.932104,False,True
124680.0,1.54723499452819,-0.658439795065936,-1.91663222154748,0.471522237706842,0.0761663948970819,-0.701154569069299,0.399492924667986,-0.243423497830321,0.603914411470716,-0.806143250278457,1.10856668516501,1.45870658391796,0.909166252647996,-1.42235250355238,-0.894194316218957,0.248284971327816,0.662357305979528,0.529959726143521,0.451455779181371,0.379966183847154,-0.0612813534057881,-0.425983516557772,-0.0849357271068911,-0.410775257184175,-0.102776413305958,-0.116870048140785,-0.0484419821106415,0.0085313184730755,244.77,0,High,0.009664141,0.99563235,False,True
124684.0,-0.158216953194486,1.86473596512054,-1.40039186352394,1.33043674258379,-0.252473784180591,0.140684427003749,-1.19383085530475,-5.07693590485472,0.218329767451904,0.145132023735374,-0.251713406981608,0.0862792451047647,-0.0600822528629009,-0.405985023126182,2.12326479732953,-0.744980948820734,1.77246348551881,0.918106677537626,1.8219149625138,-0.834881960934127,4.83207293760226,-0.541244202889097,0.358831610925817,-0.190932679661343,0.102850558645919,0.321626468115129,0.566236917012275,0.397128661193099,39.0,0,Medium,0.0019558894,0.9332633,False,True
124807.0,-1.13772363938153,-0.0241036599620484,0.527324716006757,0.278417991877387,-2.188384119116,0.933145282708753,-0.223910310908749,-3.67970541930162,0.387385839489726,-1.45228924216434,-0.963465070512091,-0.496345016907075,-1.93245718940574,0.988657655060503,1.67168525339168,0.397010677774831,-0.082689879103747,0.340024987270268,0.226714810541112,0.403085663376358,-0.754457582930348,-0.870665966665217,-1.50359560773765,0.0443167734914332,0.867545082456314,-0.59794812844671,0.417910218513351,0.108381509109382,600.0,0,Critical,0.29736894,0.501038,False,True
124809.0,-0.952962837884809,-0.0480459156261719,-0.517778439733969,0.402821423091928,1.73828354904202,-1.45706492978619,0.754534527873704,-0.103439104782151,-0.007029998663718,-1.68402896670687,-0.204875460377306,-0.17054976657505,-0.403552563539955,-2.05426414566995,-0.263206765551069,-0.308074857049343,1.92680186573607,0.575012695435104,0.0651131692027617,0.406606663201076,0.104166498876487,0.0630190919427779,0.285071100354097,0.898628753038493,-0.322415239515806,-0.374148278365771,0.156935218964048,0.282803526763429,99.93,0,High,0.23818053,0.850636,False,True
124887.0,1.89700112965342,-0.146193788354728,-1.9497407855134,0.179761339298719,0.57726603182574,-0.188238460185719,0.0670268485600844,-0.0462999133266738,0.67476431550197,-0.729597263606051,0.953660493632297,1.19107523677931,0.55625890001866,-1.40728374146137,-0.774625169010238,0.251390436080617,0.659809042510198,0.530859598945627,0.501937649712547,0.028368956972491,-0.1807495077301,-0.421871847715328,0.0995948430162443,0.12558098775759,-0.0284942248060821,-0.117485434559664,-0.0196595591434906,-0.0177024713423601,69.35,0,Medium,0.09892431,0.8482333,False,True
125357.0,1.62079635611036,-0.462044679352298,-2.64614446804837,0.694920776620839,0.636105305373646,-0.368740301052725,0.372132757900355,-0.0636597131894317,0.737353881718091,-0.975510101955536,0.722169810601474,0.10931765830863,-1.12268746244005,-1.71091310314286,-0.676527795318981,0.504283526144981,1.26023057593971,1.30072921982616,0.345274528778838,0.230256274585908,-0.0500839932257002,-0.431510343543548,-0.148670681206352,0.001130094756687,0.135403070430228,-0.333668566493954,-0.0371071982983715,0.019313614861538,215.74,0,High,0.019257175,0.99960726,False,True
125615.0,1.52429337612945,-0.77157896931792,-2.06921294234789,0.555180160914267,0.0789571525424092,-0.727200518006719,0.436513724516248,-0.269302817579505,0.956113435721169,-0.973865298507767,-0.566931095149207,0.364665653115715,0.175806719991023,-1.45343904943748,-0.0711192010797409,0.0634495185105377,1.00852596593788,0.111616274305593,0.0939541857842443,0.406067479457074,-0.0957001817046563,-0.641816101229815,-0.030289863276987,0.565810842056119,-0.119573716232541,-0.146681694628451,-0.0606553544259565,0.0315846104361548,276.61,0,High,0.0005343512,0.6647794,False,True
125708.0,-3.62463185360422,-0.939718212395192,-2.93513495123017,-0.07278454403978,-0.719992979796656,0.0920632933788847,4.53435494802314,-1.47983474631021,-0.0815553263681029,-1.73552818000663,0.233749657311207,-1.03934870459291,-0.0024388990145069,-3.48068332480086,0.397837452911081,1.64291185523589,1.64508886406367,0.771410876292643,-0.851055282098873,-2.42628048104159,-0.889789060759251,-0.249821168682959,-1.35822026583381,0.654699086340912,0.288758080536588,0.590366706599051,0.008959021562632,0.917224619344473,910.0,0,Critical,0.00019548336,0.9988538,False,True
125715.0,2.05055714423725,0.258601229736995,-2.74168448048126,0.457754474853606,1.24583521346618,-0.035444568994756,0.0868992489076829,-0.027848887348755,0.444712511799093,-0.920229912994185,0.591380473820517,0.476362683588401,0.346210439844015,-2.60895917688556,-0.98041811948627,0.779907465679597,1.41631515152569,1.34136718010018,0.341868155911284,-0.0427779655404399,-0.0264082097124915,0.211460720238688,-0.151719924265587,-0.483247122073644,0.331982721159136,0.740003440849485,-0.04103139865312,-0.0244774051834661,12.31,0,Low,0.3505388,0.96899956,False,True
125775.0,-1.42165563779534,0.423958001852189,-0.88234896479247,0.0558320054319709,-1.51748705924852,1.1257160549974,3.93035663364026,-0.497022936256668,-0.61103181835921,-2.15658052407921,1.01637729562526,-0.313002489161733,-0.851813246519156,-1.94875291537408,-0.602585217049442,0.345042263494003,1.46160559927509,1.32950243216397,0.699740988301239,0.0910602238767839,-0.176033542269329,-0.264418778237153,-0.110176402439428,-0.557203120608468,0.988562813448967,-0.0793440890691634,0.224390115603603,-0.0978694964815423,703.55,0,Critical,3.8734768e-07,0.99964356,False,True
126019.0,-0.543333767769418,-1.77943046262135,-5.05095209154774,0.786993991326212,-6.80150154477725,4.31592342445717,8.86653898396406,-2.74536985531362,-1.74792112287185,0.0896603497922822,-1.8082985297164,-2.50767258053915,-1.52726586032312,0.946864925976652,1.27626605343518,-2.62349491743915,0.498828725165005,2.12052096540479,1.92888468693785,-0.150082822349416,0.722818596204598,0.866732265011691,1.52143798678787,0.120230295412654,-1.21692687941086,0.233113415247534,1.03845645156493,-0.325022266481384,1930.39,0,Critical,4.742496e-39,0.99999726,False,True
126047.0,1.94791977661386,0.649944369591585,-2.69655150345371,1.56680469816199,1.17879426333061,-1.03607568906779,0.730150587450908,-0.293206051873188,-0.193219545929655,-0.641063538602244,1.26074170226317,0.60312468621811,-0.0799216257329863,-1.93627616820689,-0.968297147687748,0.366227003285386,1.47299613949996,1.03130955960367,-0.20363733419455,-0.138420317847258,-0.043816828943826,0.061990465315269,-0.118789865816888,-0.599930582179784,0.477275823314846,-0.488807167352822,0.0103451622026367,-0.0144511497871061,30.0,0,Medium,0.15725797,0.99562716,False,True
126074.0,2.05115400714655,0.548892330053894,-2.36544382307783,1.44858251769425,1.06611552634691,-0.89951936734495,0.659298358826775,-0.323917599741794,0.135788278727668,-0.357740376565607,-0.653550263176466,-0.0334517669815774,-0.282238699425838,-1.00095141392135,-0.315181929543755,-0.193917927497203,0.960818531238823,0.0712852749756557,-0.384881443341996,-0.23686157441978,-0.0508549058176879,0.0768039181525949,0.0007164361052907,0.478688946633237,0.498506461995121,-0.514250160570222,-0.0001426841295059,-0.0245446662014362,1.0,0,Low,0.06463054,0.76588374,False,True
126173.0,1.2072404843745,-1.39912913858364,-2.41659100282615,0.477899805334418,0.103620891720721,-0.130252944965081,0.471119446156151,-0.0848286336599986,0.843560458893242,-0.850761168781271,0.608751020339692,0.441145588528498,-0.71432206220762,-1.06594223114522,-0.62215485802994,0.443913598763908,0.663509808227534,0.885478866204123,0.495775920208427,0.691585377606366,0.0132624714593278,-0.76256762447257,-0.221185028745617,0.0806287084982949,-0.182547056208633,-0.152112733981504,-0.100541748562301,0.0425366696329777,433.28,0,High,0.00020462589,0.99927264,False,True
126827.0,0.0906363266258473,1.35478081012432,-1.05327253847625,0.504642022511722,1.66449573281051,-0.822745156026126,1.42102024464663,-0.284899103001924,-0.47784629599563,-0.901196773891423,-0.806303345735876,-0.234645143045997,-0.157358140348705,-1.20950337350234,-0.772666644692285,-0.17590829075104,0.819697052837861,0.162022075489663,-0.609988169522835,-0.197838172300883,0.0391576961581837,0.206524036792148,-0.253854713800594,0.476917655354255,0.273636211975536,-0.601666607001251,-0.0991859088129817,0.0364378625844909,1.0,0,Low,4.1336105e-05,0.9869806,False,True
127191.0,-0.0907434035905236,0.877864455416032,-1.1505742187367,1.22588701054466,1.44636278231738,-0.358081404707116,1.76499980192565,-0.310873746638456,-0.889970229013242,-0.876506290821845,-0.760542423389879,-0.0088828243127709,0.73003831572016,-1.21825404162337,-0.18437899923679,-0.570391552624353,1.13598688973685,0.352615126584755,0.574247845611566,0.384206713666618,0.133264871133371,0.324862612942321,0.0700777042530115,0.30765916641916,0.230910829082469,-0.407182628107392,0.0694911093924537,0.114389494824741,146.59,0,High,4.1274166e-06,0.9487698,False,True
127301.0,0.489343980425697,-2.89752052582314,-2.08970358346107,0.752418495696812,-0.878168430219489,-0.1835674714228,0.907671292039193,-0.270685422020906,0.9058030849953,-0.388070820610003,0.307494659616477,0.853334960918858,-0.602439256887104,0.529488564064769,-0.905002693419171,-0.288867844319627,-0.301045829798338,0.304936262268652,0.365289190939817,1.34186875902601,0.588325844474461,0.173171461919449,-0.702060161027661,-0.308573417943085,-0.111789043856499,0.118026074700564,-0.180650798846117,0.0601006129520811,796.3,0,Critical,2.1590808e-10,0.7874666,False,True
127487.0,-0.23054235835791,0.935127813294345,-1.07824596309457,-0.196033460359446,0.947341001834771,-0.615390481279374,1.34880820573571,-0.266467667104865,0.339436802728563,-1.51238542649273,-0.61114700260786,-0.278931382877499,-0.302867318150796,-2.21216136576763,-0.493154083383548,0.0919932700261117,1.40608553738647,0.493991784955398,-0.292143011624348,-0.294692641504242,-0.132752890176797,-0.0986773473173473,0.051897460388875,0.429554880773186,0.0166845252038158,-0.403003373753863,-0.119882424251785,-0.0078839936959934,84.55,0,High,0.15901896,0.9214587,False,True
127674.0,2.0504561007175,0.248618713949467,-2.74454948154676,0.459093451306518,1.23353782985357,-0.0387229450205577,0.077550635944539,-0.0200206308172412,0.465576506830691,-0.916182799584884,0.56788167565362,0.403078846514861,0.208417027881604,-2.58153657918977,-0.965299819889613,0.786371074699351,1.42418927224847,1.35827277601061,0.342798480406098,-0.0516064604808959,-0.0279924997607792,0.200175754648615,-0.150065996319834,-0.487019786285216,0.327320406399911,0.740465196347353,-0.0419321877996555,-0.0247733410980762,12.31,0,Low,0.19693023,0.87689143,False,True
128006.0,1.99516120427059,0.212015832298222,-1.88475114989963,1.21182164503488,1.01958286807877,0.392985566783991,0.0453911524160567,0.0268751426705457,0.34112978252389,-0.207657733528437,0.258106988207833,1.05064785050818,0.781703848647506,-1.19712704301979,-1.2043596694113,0.280415582803446,0.15330880586099,0.853094401083005,0.154569114103908,-0.121632072559039,0.0442271137983121,0.418906476106609,-0.101010678450063,-0.275265227627999,0.447316803518871,-0.45820395784395,0.035315427537338,-0.0330082560757837,10.99,0,Low,0.1909216,0.99936503,False,True
128025.0,-1.17459215117747,0.885329910483131,-1.06038236812913,0.292190556894645,0.0979776912995779,-0.482123358078452,1.45679822640113,-2.1561952715932,0.0697760652303801,-1.58446956432591,-0.392772085277769,0.193232580352032,0.333958082209233,-2.10358759788942,-0.373297198113272,-0.0578652024010523,1.71300752776067,0.506183341016465,0.237243501995886,-0.759909591155134,1.32521218508588,-0.472618838244788,-0.925225683431199,-0.0302008171844058,-0.490844389962311,-0.308525194222736,0.700066152337425,0.112479953725208,383.46,0,High,0.06049316,0.97898084,False,True
128030.0,1.99041621775241,0.27626321267529,-2.28588346435521,0.737927744329815,0.62748315943176,-0.863817068896869,0.150072116144441,-0.161465732351172,0.430042440338335,-0.909653951570194,1.21696797645766,0.677347921213332,0.062443860013923,-2.52408936046208,-1.06115944091952,0.552878945091993,1.7053348299087,1.09175842794858,0.0647080258355691,-0.105262669351737,0.0242456037122034,0.387115572036947,-0.0986323229571195,-0.523746330880841,0.214216361264574,0.730892574908133,-0.0360315679009965,-0.0246614204561807,12.31,0,Low,2.8100734e-05,0.58603567,False,True
128421.0,-0.421314274860532,0.271590947737667,-1.91425341618058,1.64489681367544,-0.0554277728241448,-0.322941218256087,2.74550452189168,-0.256530792251458,-0.82520171918422,-1.04910948230821,1.34269646939278,-0.288193580199817,-1.17930909877814,-1.62303351660332,-0.644495381759635,-0.0232850386454688,1.83052325891409,1.38659631255357,0.383357758157058,1.0063762258821,0.239067449671553,0.186938477816453,0.822185345784019,-0.260076173393017,0.33040230419117,-0.399004718601737,0.131828040382854,0.0895042456975662,452.98,0,High,7.532762e-05,0.93477947,False,True
128426.0,1.97466217253158,0.167209364420962,-2.33180587525692,0.722935212112671,0.581418627897771,-0.681770617152344,-0.0025895585840385,-0.0018831697119409,0.622293509499166,-0.873236142949413,1.25804646083074,-0.0526821097683262,-1.49235981794955,-2.21640821725872,-0.876622325977768,0.548152710652929,1.89630129006821,1.19814719396531,-0.0466792155858241,-0.183041350742852,0.0243156592334931,0.27140149099208,-0.0007842282831215,0.533647970283178,0.134525478953674,0.679777027812521,-0.0504463408147336,-0.0172722300568971,12.31,0,Low,0.0010455402,0.9926804,False,True
129047.0,1.80836567235554,-0.222220977399337,-2.04408464220294,0.231336966346393,0.611091627890309,-0.182121895595867,0.172898954525173,-0.0903405622788964,0.580183823372006,-0.826002098713368,1.09156092865442,1.45859631461122,1.10749301058778,-1.65205552260804,-0.814594867854146,0.278100766219145,0.741653468291991,0.536062597202403,0.462054597588314,0.160623693477403,-0.154766602088899,-0.422236900583372,0.0505666651212421,0.130584739401199,-0.0264701311332161,-0.124118123918639,-0.0229095738125268,-0.0054078327553344,114.86,0,High,0.06648373,0.99916303,False,True
129255.0,2.08256764719375,-0.733618621451966,-1.18644902909204,-0.756719968420054,-0.576104774252219,-0.3071497933317,-1.03842822134672,0.0845787842072704,-0.224976274039267,0.230774899557348,1.43238494744234,-0.036416400212,0.188481023470801,-1.93338845981342,-0.289517682856865,1.81715723585677,1.16286465229533,-0.0291230941716133,0.417768344295589,0.0830152833225718,0.297643772001115,0.874419120960928,0.130949025337554,0.607964245989982,-0.179344450564402,-0.139060811787619,0.022833229273557,-0.0134084081226997,24.99,0,Medium,3.5925994e-05,0.52928704,False,True
129651.0,2.15335683628761,0.652599013298464,-3.62089408322878,0.487640336210856,1.51298059229139,-1.71692884877329,1.09005502949817,-0.543761483609147,0.262147443517896,-0.968892112984417,-0.537075641583018,-0.822459879488306,-1.325425463495,-1.28162422977428,0.366963293013183,-0.239111283980508,1.65799225279941,0.855344880596657,-0.0762254980841906,-0.249579432185022,0.136959950265759,0.582573755140975,-0.264582470165722,0.308829779571103,0.93268492857704,-0.207910246272136,-0.034782034641955,-0.0279599362993335,1.0,0,Low,0.0007464674,0.5979571,False,True
129873.0,0.389757948735055,-2.81748182404295,-2.86544881275517,0.879480161944554,-0.338085560020646,-0.577827264868665,1.59895952998154,-0.569704047782813,0.57029090124541,-0.524934320183172,-1.06321447419105,0.173011841182905,-0.103735177988549,0.806235673287302,0.590760041427546,-0.366439932439862,-0.412388502892272,0.047116122782863,-0.109754925176403,1.57023264054147,0.616763466741078,-0.100753544709011,-0.768987032725442,0.523588389111747,0.098356148777502,-0.629963328252797,-0.183259583433651,0.0995273215891375,894.46,0,Critical,0.00021140809,0.82787097,False,True
130078.0,1.60643894307134,-0.479590732640351,-2.67084234297125,0.658211287124951,0.733327126421412,-0.335040922422594,0.496772096968621,-0.165751105520789,0.620735600595902,-0.969246348739453,0.448793226921683,0.602031017441067,0.0706261175367783,-1.82305606296083,-0.764459388323727,0.492606442851613,0.985704086100421,1.17270419445332,0.474633837605732,0.316947097771131,-0.0443928341056262,-0.354529008431212,-0.274311781132077,-1.30778954248525,0.206275674970352,-0.26567944344936,-0.0273433206810286,0.009130810587899,234.36,0,High,6.564588e-10,0.7981279,False,True
130214.0,1.90193573581618,-0.0544400570490457,-2.23691124134964,0.053300354294321,0.446878388183003,-0.715144596564573,0.0651339809673108,-0.0659595381751294,1.19490238316309,-1.3550455051245,1.40719287583481,0.868560583632251,-0.51787269984401,-1.99310966547473,-0.54373273963077,-0.0878408748370378,1.5987905104838,1.25065207931137,0.34347949075303,-0.084392076141703,0.0621455205476135,0.402465565685531,-0.0556893933306229,0.538605258052361,0.334189337434173,-0.599834992392085,0.0452560942442739,0.0017697455131402,50.0,0,Medium,0.17737564,0.8273041,False,True
130482.0,1.24151272611702,-1.18197234471463,-1.926414830915,0.695044787317668,-0.362864999637694,-0.911908027375811,0.524052958719668,-0.24518532611222,0.723364188468688,-0.841332711277216,1.29449598929559,1.02281416317293,-0.224496393577091,-1.14897131555399,-0.787175026345228,0.197706282255736,0.878769851131927,0.557870501473446,0.257598205148443,0.587742109164112,0.0398857844291769,-0.51433051838146,-0.146715025622253,-0.0197532399697582,-0.247071516431653,-0.154056636248965,-0.0819854433493945,0.0352459081503548,387.56,0,High,0.0015350577,0.99077773,False,True
130582.0,1.64608306858193,-0.50593133510174,-1.87726424460927,0.386363042998473,0.213192294824312,-0.429238102341227,0.212633907194431,-0.0949988809832237,0.658752810390013,-0.776676120699045,1.35335733866657,1.24867539139833,0.291349371950022,-1.31303793482249,-0.773876926631992,0.134641774088693,0.850266718625315,0.420744833764825,0.285312761701194,0.228347690912858,-0.0832982613909743,-0.408486963130146,0.0628547626616452,0.609871010343995,-0.140959830429852,-0.158748546647005,-0.0415333120760319,0.0063026544169323,181.54,0,High,0.1939139,0.9793057,False,True
130599.0,1.62623470018341,-0.463384312075178,-1.93027941297685,0.408367277051379,0.288257235985189,-0.434286414414831,0.275966340130855,-0.133718731236088,0.557931151953694,-0.858532631705271,1.50249741291237,1.5513728930964,0.90513675056091,-1.57957618503693,-0.825881719914181,0.15342749202344,0.927119240368397,0.410205145068599,0.256328452012122,0.29255941836652,-0.0780822300638963,-0.384430833856043,0.0443598150555471,0.614935396147086,-0.123540475915688,-0.161817425376061,-0.0376101996811186,0.0125501519235497,191.47,0,High,0.0061587156,0.9954816,False,True
130907.0,1.52451810241868,-0.364603775441172,-1.64403034768811,1.66016343749098,0.0271741337412767,-0.454012112184045,0.0539827404841312,-0.0155969187923498,0.498597794025101,-0.603995763985573,1.02672031317465,0.313990999761871,-0.477084663402976,-1.80509518981962,-0.110234420029015,1.1778999993521,0.760705065789625,1.60251360871931,-0.477948821501625,0.227113608489936,0.0790315748439414,-0.106944363426491,-0.0853174417080933,-0.551448249802597,-0.134203256059223,-0.693127311169387,0.021885177267446,0.0355791848835004,218.0,0,High,0.15357725,0.9917822,False,True
131055.0,-1.44195895993719,-0.54701684862246,-3.80912000868063,1.39588872201625,-2.83587948366401,1.64006357375656,6.64592106090377,-1.5205667666208,-0.725328145189051,0.101471560811507,-0.916455602738315,-0.525763693161391,0.261186644282504,0.476736480601611,-0.0533196289478462,-0.752864249314963,-0.383947461986047,-0.0882888167709234,0.594017954154899,-0.904758167798506,0.0139170690311516,2.03547320348533,1.17880769020926,0.861148076817912,-0.762724633006702,-0.386513411159642,0.791328629598488,-0.530211014152372,1141.33,0,Critical,2.1002467e-21,0.755571,False,True
131429.0,1.86654967424859,0.270407731052562,-2.3602834405211,1.4260377595877,0.962208995038742,-0.644160287652225,0.634317547386303,-0.191669843880074,-0.108898669430424,-0.214090297618812,1.14669677305037,0.59114919272396,-0.603673515639147,-0.735645469099012,-0.99412196444841,-0.0233131098495768,0.781005609082991,0.557225994825686,-0.173789780210206,-0.107295480353891,0.0494448746606288,0.163926000415756,-0.049534075275495,0.577805012300821,0.415411711353552,-0.547777841906395,-0.0179839863891176,-0.0218552420671608,68.62,0,Medium,1.0496788e-05,0.9060925,False,True
131673.0,0.230057062035345,1.24354396838223,-1.2513421437739,0.532777287123549,1.63999874375679,-0.78171761540125,1.64758868359511,-0.32235431503021,-0.600440893003083,-1.00581007504402,-0.769834839618755,0.10478579856462,0.474831242860637,-1.26220423029778,-0.944512611795322,-0.20933461305643,0.754066045156171,0.129128890546955,-0.641588559321568,-0.0856993077935947,0.114208305843901,0.471962740940839,-0.0595312364464755,0.491888258936051,-0.26933440186721,-0.691310822574897,0.15573671388836,0.162967657275809,40.96,0,Medium,4.2046213e-05,0.9593877,False,True
131962.0,1.33488072543077,-0.593683898736488,-2.81427495349383,1.6198279510445,0.778653504982291,-0.41650288284406,0.810520218930035,-0.215349489232676,0.296456276919542,-0.84758270024682,-0.846902622407229,-0.75238904135635,-0.695881254677142,-1.6723666746045,0.778894031108085,0.979424126114742,1.0752773050808,0.832800801419242,-0.523113658764052,0.548019737493721,-0.193622802828082,-1.36059278499405,-0.103511249766862,-0.299734873525922,-0.151042570377364,-0.942078848209388,-0.0422692107691861,0.0706029840633674,375.45,0,High,0.0037211254,0.7037823,False,True
132067.0,1.23716461754524,-1.44037687429126,-1.70392359401068,0.886104129863605,-0.340646778248512,0.0618294634922257,0.120387184653666,-0.0537628763543151,0.934624296984433,-0.638139353829514,0.780711387522757,1.32333482414,0.42007106432931,-1.49831529084967,-1.8635782106234,-0.0387477187638968,0.830094726607362,0.599479213660209,0.237789916347075,0.654925002194025,0.41977602617336,0.780980465219181,-0.387390482775167,0.821403156081622,0.0782775406711784,0.869356161930439,-0.107920337508142,0.0228699835693586,385.8,0,High,0.051392585,0.99913883,False,True
132308.0,-0.521854642618978,0.579409439492874,-2.60556100340408,1.23111972254902,-6.27989741583189,3.89879715509911,8.87609270881774,-3.18224225584707,0.587544538975619,0.527925818908213,0.529746232953594,-1.5094616350455,0.0897323710795473,-2.28767416631085,2.64127126813428,-0.541377638018028,0.535403815330278,0.686845379508926,2.18420159566207,-1.87904767236164,-0.700302231379796,1.63852839395182,-1.0716699480366,0.163727483293829,-1.44713112128506,-0.001664620331005,0.0774536404574593,-1.30448439035933,1568.07,0,Critical,5.076585e-20,0.99998987,False,True
132330.0,0.215995041362382,1.40328284145971,-1.39996762769671,0.484623823261617,0.750570280238176,-0.442173134060172,-0.657060075211506,-2.70656203241826,-0.572139315242244,-1.85885536412385,1.37884939494756,-0.270990369552689,-1.48043402577941,-1.58540073889163,0.862611270674343,0.875917333040498,1.96621871285308,2.10662302228619,0.271331934122319,0.631992856640558,-1.13565502984553,0.812899531378336,-0.410901162926371,-0.629617301309554,0.806871885157302,0.126260235833009,0.16291417902284,0.325147749334559,1.0,0,Low,1.8396836e-09,0.5631706,False,True
132535.0,1.96801551837847,-0.0168228349667342,-1.80531343064288,0.580333398555776,0.352235352846405,-0.441115711837783,-0.0973358957038028,0.0030862721323863,0.620678682210914,-0.509091374875485,1.0968744558553,0.526883679844807,-0.721357810636379,-1.41340638181303,-0.982579152997749,0.294492565697305,1.05972987028329,0.669021008520373,0.0972822762066675,-0.159117309307397,0.0220211493667796,0.268367631465688,0.0674447090213606,0.622488981884021,0.0408318008626916,0.588994385420733,-0.051276455875847,-0.0327629120841912,14.99,0,Low,1.992739e-06,0.95094323,False,True
132596.0,1.34734293142758,-0.934051373038127,-2.09496057086809,0.52693036472169,0.133634608519847,-0.385632396583267,0.458114337148664,-0.163346694781466,0.561797427709443,-0.921699911749498,1.48106616520539,1.48403300025881,0.793071880730054,-1.51948237839146,-0.792609300840524,0.17892480195121,0.939271733521591,0.456678022633635,0.211167571202229,0.577612505455701,0.0077753596153399,-0.471880895083594,-0.0811810190537181,0.61856763555078,-0.181189883720328,-0.17674666144515,-0.0657779232214222,0.0373811464539206,335.78,0,High,0.3121232,0.9999833,False,True
132926.0,-0.199061911772562,0.24020821279805,-1.46684683306244,-0.690612506512054,-0.747289048657392,1.13044506704593,3.96967463037705,-1.06287972046519,0.383336677500472,-1.48349530307976,-0.91880098343667,-0.0037200063898792,1.22640136314786,-2.45970823593507,-0.600553756140899,0.220881279760905,0.376732845017764,0.374926144071604,0.121940754840836,0.204800858187082,-0.234229702370377,0.0129746474115701,0.380270392241149,0.0023038807047692,-1.03039200756334,-0.367565627899815,0.058523698044827,-0.283590084994284,605.04,0,Critical,0.20239076,0.9964714,False,True
133144.0,2.04734766607967,0.664914740509608,-2.30317173454864,1.4498234023885,1.17238095661804,-0.902361743602979,0.767694062981013,-0.417938370428667,-0.107597234723754,-0.404117716116006,-0.321850320766306,0.827720368593361,1.28093704911453,-1.31027206569552,-0.493195011672812,-0.288369972625613,0.896400259726644,-0.144998694684362,-0.422073721089787,-0.138200606733293,-0.0281078633241692,0.21881031772764,-0.009484810207241,0.59239043487188,0.542411963705546,-0.523899022027283,0.0102491932310567,-0.020446447832656,1.0,0,Low,0.014123316,0.9751006,False,True
133498.0,0.395898603987495,1.24150881496078,-0.903301370926738,1.39368482928262,0.866926149728626,-0.701849618309349,0.418080730210557,-0.0985149045872275,-0.617647646696812,-0.839470455957426,1.71497272287865,-0.37797164171726,-0.337200142515117,-2.33044411903584,1.87972788608445,0.125310579668246,2.39622254550413,2.35276387321292,2.34027568714445,0.276345679941931,0.0754754884142222,0.303494217494347,-0.492851073692666,-0.612664115932211,0.985831277284832,0.480008771443722,-0.301755500629848,-0.231021241569095,1.0,0,Low,7.0627635e-07,0.6215372,False,True
133555.0,1.53193365989288,-0.741464691527754,-1.57875630129118,0.571249093143878,-0.0642331703242476,-0.362883746635044,0.119144289969031,-0.0960954435283925,0.368985784458383,-0.385629454230907,1.34078454642153,1.11456907841152,0.569772098549387,-0.977282527498413,-0.323277454254876,0.683731678501985,0.235355618763034,0.56636685960874,-0.0405902319543741,0.38597727173629,0.0842196846892725,-0.168613409281911,0.0282308590592931,0.720062112873116,-0.331054771530444,0.318095092528134,-0.0874829160770358,0.0102345832668197,243.08,0,High,0.0007365843,0.99524915,False,True
133646.0,1.76927378382013,0.0438403887798893,-2.54027860420568,1.57229164230137,0.873229865298557,-0.860200262585166,0.815245020370532,-0.3304215735825,0.202082816830008,-0.409413728251521,-0.745457990650996,-0.320585918718484,-0.807435986742133,-0.858275123727414,-0.236379750436467,-0.148846457101106,0.996634596023865,0.168759733574572,-0.427695303098835,0.0245367076278209,0.0310920575862804,-0.0452346652553076,-0.12108775947374,0.471074517745817,0.426359736000166,-0.527942376824925,-0.0312754113702941,-0.0003594557622136,146.7,0,High,0.4136106,0.9715685,False,True
133747.0,0.74327048266612,-1.99258757025074,-2.31668869811944,0.999522472086117,-0.558574761565256,-1.02687947272117,1.05574154785267,-0.500542527991857,0.842937728905003,-1.16589797473717,-0.406688772487197,0.705915766493228,0.71116669937968,-1.44389817247312,-0.124216696268674,0.0478941701002818,1.03757157885525,0.0767698780786524,-0.0701735015804805,1.21372489969285,0.160222724834423,-0.742975543177311,-0.414804787704181,-0.0856309649048956,-0.275186457604631,-0.160095691321047,-0.127365852406378,0.0953204472745227,673.61,0,Critical,0.04605823,0.96318895,False,True
133770.0,1.30127884629547,-1.13170849060487,-2.19812384373256,0.635399538725284,0.0100934621674461,-0.595871960657713,0.5730024016191,-0.274848483248319,0.933772472939072,-1.03574828592374,-0.513462173275259,0.415503687205877,0.248233091760474,-1.43407074592176,-0.0151280379629321,0.019551059813041,1.0618217496146,0.0416354266239972,-0.01046252644143,0.630041851657483,-0.0223985731618619,-0.674014537362698,-0.123330637578895,0.513490413355181,-0.172414043629941,-0.153045527237699,-0.0781431679965519,0.0504127880039463,387.8,0,High,0.042262305,0.9837287,False,True
133794.0,-0.73803456709495,-0.260996647270295,-2.42675193351537,0.188886377246926,0.928762984906878,-0.636813577344763,1.78117017559893,-2.43677312061859,0.0596192648505255,0.367904648430851,0.169092900984124,-0.480054239915846,-2.25929129074904,1.34424251432941,-0.368112044248485,-1.13478693598576,-0.161905106405675,0.610896411788714,1.37677640141681,-1.14736755565406,1.80540053434992,1.28384123837391,-0.273115661979943,-0.390554926041117,-1.20640518396954,-0.344815259300018,0.75351899544813,-0.108975364224343,345.79,0,High,2.1064312e-15,0.9248482,False,True
133893.0,-0.976079630379153,1.21574578692781,-1.1439694588715,1.17981727002194,1.08852804309961,-0.253066405511689,1.67868872384749,-1.16429670328732,-0.598946503725227,-0.501405786467653,-0.641665822864224,-0.324277303932037,-0.117442986243631,-1.10258308405867,-0.0747109476232942,-0.605750695806792,1.31923539620259,0.333419826873579,0.571061695194452,-0.22519258259562,0.715359206353352,0.132346600026039,-0.0538623865780837,0.571056400524827,0.117964199228934,-0.396802932067991,0.49707558680312,0.286040009562963,176.9,0,High,0.00013315654,0.9890332,False,True
134117.0,1.02530340654718,-1.50518577032672,-2.20992038869355,0.901724320264685,-0.396748528290914,-1.10629601777883,0.859917753608506,-0.455573807782641,0.875307464891725,-1.15258001797485,-0.38903500288805,0.599104070113606,0.539179541837008,-1.59505443153609,-0.112764746586136,0.0815816475795779,1.15309051168762,0.127135865074007,-0.0440404847252499,0.910572049200048,0.0618666876692273,-0.698361503097458,-0.28622003965581,-0.109349200604237,-0.225928513385738,-0.143928499249446,-0.0988174352523109,0.0726821657203171,526.99,0,Critical,0.06489861,0.9141253,False,True
134252.0,1.55613445994707,-0.783071624803132,-2.16863481009513,0.332810417458379,0.311406944452752,-0.149471710781912,0.230527234270097,-0.0332824494923323,0.810508026568852,-0.781241653785332,0.779941801459073,0.648697732948105,-0.445804330249208,-1.16175724027165,-0.639090927828914,0.323087537301332,0.724084319189974,0.693721971816827,0.452686431951865,0.320674076020988,-0.0859575584575784,-0.59942617845647,-0.0431710796218223,0.106319567819109,-0.128102828176765,-0.132798403488584,-0.0596795883379116,0.010731436675508,245.4,0,High,0.0013480906,0.9820802,False,True
134848.0,1.91752661777127,-0.185349822566207,-1.521882975867,0.331396808532254,0.292619955417079,-0.0856427265924007,-0.246589398827633,0.0473473753840795,0.524729326682424,-0.337512055725033,0.962869990684301,0.760941390390057,0.244387183364651,-1.11151087743845,-0.175762037344351,0.812578485103251,0.211390749374573,0.7525296902814,0.0492503589045247,-0.0154203299145333,-0.0139030538586385,-0.0149465384970182,0.13319367221512,0.224936704358512,-0.220833573692274,0.41350018485936,-0.045684451992287,-0.0256988790648662,51.5,0,Medium,8.533913e-09,0.74923354,False,True
134852.0,-1.0535610844887,0.315340914428573,-1.52268918819987,0.706225549724283,2.19990641802343,-1.23451528420542,1.30792826198196,-0.440681773106426,-0.1599875822307,-0.542406528062153,-0.91631585541592,-0.288510345233872,-0.285538312214092,-1.18879331792542,-0.850311971254409,-0.18022051987856,0.723558368921535,0.206411522025235,-0.602701764106869,-0.417462717843706,0.121353170648234,0.560818654705384,-0.01228621533462,0.494745227272502,-0.772975008981863,-0.806989271799329,-0.212364392330376,0.769936475059049,69.41,0,Medium,0.18227546,0.8132972,False,True
135941.0,1.89133501483104,0.11362890272044,-2.36534789602295,0.564359394663225,0.887639202800731,-0.40286178949844,0.313864695724045,-0.144461915930441,0.451997535511691,-0.920146029631707,1.10089718616698,1.21078253137064,0.830347004882379,-2.01572935392461,-0.930619997377184,0.329627396986681,1.08316896449214,0.948469434942601,0.362280128586683,0.0622490269832005,-0.101184720314585,-0.160658477528994,-0.0349154684619511,0.144408162299585,0.243207214287097,-0.330574611965554,0.0014033956225873,-0.0028405035272327,73.79,0,Medium,0.11303135,0.999508,False,True
135990.0,-0.540664869729143,1.21299303888123,-1.32316199145667,1.130255824793,0.172727072463038,0.254487086045555,2.86856567823558,-0.472932607292761,-0.757534284977517,-0.768381605443962,-0.716302653044122,-0.558010741286728,-0.206509142727612,-1.10522726327653,-0.0536899044528915,-0.542228548273888,1.22099074734175,0.402805690925164,0.557179682847698,0.174041635021667,0.0110190793690901,0.370475441257279,-0.0487864748575764,0.500776323524859,0.105209856862047,-0.407126244513906,0.464032673528303,0.195331380884042,354.0,0,High,6.198633e-05,0.99999094,False,True
136026.0,1.78461733072725,-0.227184394905496,-1.91898267605361,0.470039945474076,0.301171958912992,-0.816016179844964,0.333128591302442,-0.297234634287584,0.806616611526701,-0.999026450515394,-0.287943257339227,0.899549810332941,1.15523926620964,-1.82958569948901,-0.191179401693289,0.0232773371700239,1.08351907447139,-0.001718397615721,0.0827762533042267,0.193642264918506,-0.170542016555721,-0.493858707615857,0.0850258728378509,0.644943558629924,-0.0437421831738132,-0.139749699856769,-0.0261387340679126,0.0137429520795119,139.1,0,High,0.008620221,0.9928711,False,True
136176.0,0.0258420281713426,0.275381947849207,-1.05599826304999,0.921716797175416,0.956558463173834,0.394746044494376,2.48473582849446,-0.56804757453583,-0.587700033859882,-0.0915539957763389,-1.63564975114938,-0.197105076160872,0.447487537265383,0.200984655669132,-0.379133588208862,-1.01540923001718,-0.306464735890382,-0.0705003390462609,0.904783695502755,0.607245531070253,0.297407234176039,0.80443931050859,0.461562571591184,0.0240229800055245,-0.623748783377007,-0.567011676846025,0.0426734152126669,0.0715479554979444,281.1,0,High,3.8320604e-06,0.99054915,False,True
136239.0,1.74554098503467,-1.37396662892899,-1.40592058360127,-0.603989021332142,-0.852249302216135,-0.272395548451158,-0.886983489583574,0.105953994483436,-0.0681282841952197,0.184127781214678,1.23513822972408,-0.652161766106291,-0.951739323464268,-1.66090120879886,-0.139121772968864,1.89504888123789,1.23495356962195,0.150226904583154,0.370099007116073,0.362337528473226,0.389615332308822,0.686656512281992,-0.008364914371791,0.584825484386009,-0.282866330721801,-0.153694454552767,-0.0177021372888443,0.0143743637996438,199.0,0,High,0.07644464,0.6408518,False,True
137372.0,-0.223350801267187,1.26874757609179,-1.50716534012849,1.19303237525004,2.07784516361728,-0.371776817320484,1.75245986121939,-0.289210294240964,-0.994619105209795,-1.32589795240142,-0.821663963426143,-0.33817138724513,0.768528134008038,-2.29213308626242,-0.0842958082043435,-0.177587741831811,1.83467667385564,0.957392048821685,0.638806224515287,0.360203347303061,0.0642897448757189,0.217883763968253,-0.109135799144629,-0.161263844159953,0.0436816198309413,-0.409115191189997,0.203343657270795,0.264400049163052,103.9,0,High,0.21021399,0.9738932,False,True
137693.0,0.234327355250319,1.26154802068089,-1.03659074639446,0.521231726743318,1.55730707231872,-0.826770238280742,1.38835450358491,-0.196202216004237,-0.403114592361319,-0.986721155607666,-0.978388936370181,-0.74990009468271,-1.12537030728497,-0.983388684692282,-0.675814344313465,-0.117139047634009,0.880927088640609,0.287293608028246,-0.606626337710916,-0.254083351973413,0.0073923109316614,0.131074032281492,-0.253002541742243,0.45130424139459,0.251401102602759,-0.585245338573588,0.0366910570659061,0.0264247600415462,1.0,0,Low,7.866213e-06,0.99610066,False,True
137754.0,-1.76270580248249,-1.33902690577968,-1.34142760457223,-0.156144471492897,-1.03767644810027,0.514685268130157,3.92297872888074,-0.887544953442818,-0.376334688634187,-0.250981828345178,0.528086552310764,-0.14310162602157,-0.712606676288053,0.44462218078414,-0.629755719184908,0.197067650409194,-0.940602305665575,0.274601606899874,0.0880416678232841,0.0007422612443164,0.0544030069312444,0.670294845069525,0.248109066140502,-0.316101070104429,-0.45781139568731,0.272886644608545,0.563056080191719,-0.20087048331792,827.9,0,Critical,1.1512134e-21,0.5533433,False,True
138209.0,0.243778819840707,1.09370918572187,-1.33818262353007,0.540007710306474,1.55918223081372,-0.77578018169902,1.57690271287512,-0.267509588400601,-0.421378060563816,-0.980765076200501,-1.13228644867939,-0.538652979566676,-0.549610417016597,-1.08493491887569,-0.820881990476012,-0.0246443001599126,0.700900350069536,0.398390786653147,-0.509824738238387,-0.106105844391585,0.062783192704236,0.226265719921371,-0.0768558865604206,0.329568437212492,-0.0116137992181399,-0.642781747998985,0.0733988895028146,0.0849444298492546,52.5,0,Medium,0.095368944,0.999263,False,True
138658.0,1.70953804963552,-0.0937924746258896,-2.28166446326942,0.776098321848966,0.568231511446176,-0.791513021441912,0.489354375826785,-0.259040538277391,0.400599653886016,-1.0138333740386,1.3579122326478,1.43481971060706,1.05814280802939,-2.14058350294501,-0.943628307032569,0.244085847617907,1.28525321186017,0.819091977964859,0.188554564265815,0.203650797362487,-0.0368134179257728,-0.0954385555560495,-0.124295614301207,-0.528630550220527,0.173217290537337,-0.307984311355697,-0.0021388982684598,0.0077491594595496,153.22,0,High,0.006539491,0.8845212,False,True
138868.0,0.258459081259671,1.31552218866756,-1.15868417745119,0.434192289048731,1.79816794537141,-0.614591336716586,1.44016193220982,-0.224183083974828,-0.511905157303061,-1.01177544796827,-1.12934072895075,-0.397623742320215,-0.196728663236275,-1.17660516184189,-0.746795869367867,-0.0603537119534462,0.7095511652659,0.289740405793827,-0.486367059031171,-0.187468232358742,-0.0045992109586539,0.140690216243209,-0.304794372726155,0.139950123675717,0.325505986153609,-0.567407795019975,0.0419362009971712,0.024901555761234,1.0,0,Low,2.5684105e-05,0.9116219,False,True
139336.0,2.00395786083387,0.10289022302617,-1.76533879366902,0.569697485278705,0.41131756100579,-0.514516573303482,-0.0394017410754675,-0.0713944948224111,0.485522866012466,-0.52081043580236,1.20928971975475,0.993036048888956,0.18809916079461,-1.60272717652443,-1.13217070618032,0.305965910437171,0.954196939282783,0.640577727285033,0.164141985795354,-0.123348278366783,0.0187060489495074,0.328259826826356,0.0632359561615451,0.70620563287037,0.0906188752375121,0.581759327228305,-0.0458487618459524,-0.0325952943355539,1.0,0,Low,0.15558866,0.9962877,False,True
139541.0,1.21517202758515,-1.45352933298127,-1.70795964797283,1.58579366854786,0.0217785088311902,0.608700248431985,0.345358223807419,0.0030571782060854,0.726650712500252,0.0984356211372214,-0.179392121668705,0.833738222484849,-0.475924811642645,0.20517669309271,-1.77820648356177,-0.443443998020492,-0.351170266394754,0.49105215409858,0.13331235872863,0.529165070323528,0.53910401188253,1.01864896382635,-0.523644850933222,0.294054875097605,0.467116864883206,-0.263178172480682,-0.0557815545372668,0.0031041926526941,400.0,0,High,0.00033822423,0.7097846,False,True
139766.0,1.41390687911343,-0.353755181580196,-0.961804318582272,4.07072391743907,0.361537554747093,0.679135739204514,0.432248540321,-0.0212064704130417,-0.847627117856689,1.3291107068179,-0.148538526549686,1.06660093635555,0.583051596403124,-0.0994534185123829,-3.08780867626617,0.226967627874906,-0.543800548264469,-0.274068040532881,-0.825564508540962,0.226643944609781,0.250537993515728,0.501276225349955,-0.259312797213494,-0.340392317762261,0.247745396709377,0.167862235060895,-0.0679143619281627,-0.0273245492015391,246.54,0,High,5.124465e-05,0.99833506,False,True
140120.0,1.79720091392533,-0.272819501966356,-1.63482814124137,0.4984088006086,0.415797400913816,-0.0046703012934777,-0.0254972386432887,-0.0256037883697218,0.318936410731935,-0.341154785405476,1.02232791692695,1.20628907739371,1.08206529319194,-1.15495012080741,-0.317187496669476,0.733700696523254,0.0947952511726968,0.617375733259472,0.046777920341475,0.156112955639507,-0.0099175681190501,-0.114403983129795,0.0725274869790229,0.168567928792416,-0.178540965847665,0.18469813978003,-0.0433676231085865,-0.0128465703294772,114.9,0,High,3.862665e-07,0.9517154,False,True
140188.0,-0.892288093254068,-0.0735848835540918,-0.464998119633158,-0.297269864822601,-0.389856855658132,-0.551456230629946,2.48359138012823,-0.354192949227269,-0.0396536080476897,-2.03773188822933,-0.637875435217806,-0.0777085838923899,0.050057254094737,-1.67601007516613,-0.568434176178632,0.0504117592510755,1.06198299447801,0.372876417708075,-0.0973392219374144,0.796821317376461,0.0939869158928301,-0.239577595716577,0.812699093259522,-0.122399319461995,-0.227101743154664,-0.17975041790089,0.0314578747396979,0.243958440731174,412.31,0,High,0.00019260032,0.5705743,False,True
140486.0,1.12976542591408,-1.49106887074583,-2.51427935933196,0.529320496610927,0.100283674753517,-0.137755503252243,0.536362600738965,-0.0999234436414086,0.822705954826608,-0.930225153903696,0.66432027198666,0.451927751829634,-0.646427481762108,-1.21608424060705,-0.609960273042552,0.492460469019757,0.772736959846627,0.948630322029703,0.461052569636956,0.780803078591239,0.0300890141165677,-0.799284440039407,-0.259171317801812,0.0721223130360285,-0.194652698351804,-0.156493631466181,-0.10581840142059,0.0527577908138438,472.83,0,High,0.099250115,0.9998221,False,True
140633.0,1.08077418493024,-1.56767165255298,-2.24186431925841,0.640914820586742,-0.234598518488271,-0.366797444818986,0.478500735138388,-0.0690057051009705,0.895598257231802,-0.860038769549244,1.05205562954195,0.308010144465811,-1.44791598771982,-0.890450112107468,-0.540613138727961,0.25717398303066,0.961285461241171,0.700332369639525,0.204164193932846,0.708101468853324,0.073001417829899,-0.709273963451334,-0.17295994449844,0.575806540249097,-0.308763130973313,-0.183881793902161,-0.108404743643433,0.053287419299628,473.48,0,High,0.001164951,0.9682156,False,True
140736.0,1.41584684211361,-1.22633687421999,-1.6012466085759,0.745812929146146,-0.136894074434486,-0.110212435658048,0.428838288392017,-0.199010735226923,0.89223601760042,-0.232625067415577,0.18111740802293,1.66909086604048,0.53828559971394,0.0017894533339475,-2.0057583006445,-0.861569134928949,-0.144408090742048,-0.0665258951803868,0.691310565234168,0.402782709619904,0.301445903062409,0.650421463163922,-0.38710814022385,-0.361908480638107,0.372080179358006,-0.075383430699557,-0.0545506923960591,-0.0234311937326097,309.43,0,High,7.7692766e-07,0.89951724,False,True
140760.0,1.76841529575525,-0.0015226961759522,-1.97299923886982,1.28009777408286,0.870043351183286,0.452997151325159,-0.0861792688924978,0.112232094354037,0.369636408306428,-0.6068855852022,0.616081896731902,0.668173198608257,0.806188107276583,-2.11014106502723,-0.105771820285449,1.28806188497348,0.463630802905932,1.62073708694155,-0.244585040904234,0.147328564254889,-0.0145912032612253,-0.124867118877791,-0.0577619517278414,-0.547646189842475,0.0405355932042197,-0.671195322074154,0.0454178164481701,0.0200651222505888,119.0,0,High,0.11140469,0.9646003,False,True
140960.0,2.00340212147525,0.047986386194766,-1.78109629952928,0.577061855769718,0.343681951136409,-0.532547641445391,-0.0908191123727589,-0.028339083899085,0.600274838686258,-0.498551312051206,1.08004632983681,0.589974944984484,-0.569764604998649,-1.45190288919758,-1.04902005839871,0.341515760045818,0.997504603258081,0.733558504792357,0.169258770516831,-0.17190500053929,0.0099924536839252,0.266192516080951,0.0723325598631832,0.685455979706723,0.0649761440617764,0.584298982466581,-0.0508031021518976,-0.0342229418659093,1.0,0,Low,1.351733e-08,0.9215486,False,True
140993.0,1.98157438483707,0.0203056801982902,-1.79323404193791,0.572687519062129,0.377525979525378,-0.4386956241581,-0.0925222235272444,-0.0068548087543193,0.590200125543042,-0.51192964328084,1.13202322271141,0.636523585735781,-0.515905001835532,-1.45611146670202,-1.00612965061649,0.283881804067739,1.04771293835256,0.64224069701436,0.0981033577190003,-0.16000760119292,0.0201924243996504,0.288957929020808,0.071080729642832,0.627791869608142,0.050373470809963,0.589041919047153,-0.0486139803211554,-0.0335273852983281,8.05,0,Low,1.3291208e-05,0.9868484,False,True
141237.0,1.08788372774414,-1.46409426926329,-2.16439313112124,0.840754622449219,-0.379577473824303,-1.0503565786163,0.793861208414064,-0.426655592990516,0.930399187968619,-1.07226234952112,-0.554707230930076,0.456375006938417,0.29269027463903,-1.4087103794545,-0.0958592315841908,0.0687053800153452,1.02410031463132,0.118238658615467,0.0209706853628246,0.833542772699349,0.043664066910043,-0.699180787790362,-0.266007961728625,-0.191761148295698,-0.212919579353942,-0.134708788213863,-0.0969669558522909,0.0630442798074927,498.21,0,High,0.018744458,0.5911039,False,True
141279.0,2.003503164995,0.0579689019822941,-1.77823129846378,0.575722879316806,0.355979334749024,-0.529269265419589,-0.081470499409615,-0.0361673404305988,0.57941084365466,-0.502598425460506,1.10354512800371,0.663258782058024,-0.431971193036239,-1.47932548689337,-1.06413835799536,0.335052151026064,0.989630482535299,0.716652908881934,0.168328446022017,-0.163076505598834,0.0115767437322129,0.277477481671025,0.0706786319174309,0.689228643918296,0.0696384588210011,0.583837226968713,-0.049902313005362,-0.0339270059512993,1.0,0,Low,1.6088248e-06,0.9979674,False,True
141412.0,1.33961874555949,-1.02575039426236,-2.10897026046283,0.573186961330205,-0.0343424134341296,-0.617709155333731,0.471505512056955,-0.196693387928857,0.712472470938887,-0.896598823942471,1.05241926455847,1.00534474017997,0.0762971172535007,-1.37213464860295,-0.726274196580642,0.291789674560345,0.878562981002338,0.631544766395343,0.334299250996424,0.532712656814046,-0.011594522502892,-0.548327473527016,-0.161690302994232,-0.500496307234202,-0.182572606068801,-0.119216252957286,-0.0683593822940927,0.0270748027001019,347.07,0,High,0.079739474,0.99134576,False,True
141416.0,1.95537348571783,-0.0909394835819434,-2.10519621794854,0.0770668431923816,0.79100464601166,-0.0285301912766305,0.0825308094705541,-0.0622434120160313,0.654022795309724,-0.72586947308758,0.586697566615846,1.21568927705584,0.976723925389724,-1.5090621159917,-0.830460358609253,0.414778936201732,0.430931597181789,0.71223109899141,0.732849011580325,0.0495570782510543,-0.216425025671116,-0.489114085204138,0.045870888056311,-0.234991762762466,0.057962573980946,-0.0966685036821492,-0.0192009561526212,-0.0224318542965027,59.15,0,Medium,6.3902758e-06,0.9599495,False,True
141591.0,1.86865615239096,0.141121031408964,-2.19545313431958,0.725338678849654,0.579983884877772,-0.917533518802626,0.377919032225765,-0.246395850890122,0.460785197372813,-0.959212396739531,1.25791808044839,1.23877199448027,0.716007722196367,-2.09764233444888,-0.96523526289594,0.305260087302298,1.24868313438565,0.929639150695438,0.284301629320795,0.0291615304895166,-0.0933060667230216,-0.103211223101185,-0.057006725670776,-0.482163677562473,0.20462721294884,-0.304213293659954,0.007317756058593,-0.0059302281900359,75.0,0,Medium,0.017888395,0.6166412,False,True
141749.0,1.30304291600697,-1.08649107115592,-2.06538245979702,0.577439760769833,-0.0791104196973674,-0.663910114342246,0.543679267267366,-0.25662672462647,0.641201541916032,-0.854837478822123,1.05162877849126,1.28069789095467,0.587194974248804,-1.32520898447695,-0.84051386993426,0.281098317303541,0.685786146604222,0.59809483125828,0.413452185014585,0.615038785196605,0.0112688088215244,-0.520839729480667,-0.192095222291274,-0.413727691190344,-0.160795447649413,-0.129182643701842,-0.0745522863878394,0.029777325178739,371.04,0,High,0.2927226,0.9996418,False,True
142168.0,0.0376338084889174,1.32118288712764,-0.964483385557505,0.628267635665834,1.07906463277752,-0.901421074332822,1.7386177432487,-0.351193714036282,-0.496253721055368,-0.953511247869081,-0.412267469607178,-0.244056072849033,-0.500489696032641,-1.13332998008257,-0.770969066987416,-0.276078425474994,0.999356074608954,0.046480740393821,-0.799319425682336,-0.222135017799658,0.0625833695045534,0.277960424632971,-0.14397275726313,0.954874033561028,0.209381670509981,-0.629601703653446,-0.0692395787341653,0.0152288714005453,70.77,0,Medium,0.0008720741,0.9996331,False,True
142250.0,1.98626774027306,0.0442117429037025,-1.78402558129787,0.58102518312858,0.365549190954623,-0.521112899186193,-0.0555047520955306,-0.0502457101262968,0.547054775759173,-0.512860970989063,1.13892226956934,0.773555236151625,-0.223676495512663,-1.5184218193005,-1.08568361228749,0.326543788346493,0.978086125315542,0.693138500428895,0.164058447134121,-0.131505620729092,0.0194065563775618,0.289654837472549,0.0602651444857044,0.695349452532358,0.0733273516693607,0.58218472313704,-0.0502516518380078,-0.0319160424577028,10.0,0,Low,0.00019211811,0.99981195,False,True
142690.0,1.94727530976581,-0.307313562330652,-1.28068731982994,0.68400944663855,-0.0443244014001132,-0.0641706348045898,-0.423833523500496,0.0975427659874386,1.09949579015314,-0.40579213689296,0.597352050617141,0.841644481570641,-0.543280953511131,-1.3515358233647,-1.82593639618601,-0.0667359691501755,0.821665549669834,0.640804486149111,0.332637263386557,-0.163995339043142,0.191995295593076,0.92383781352493,-0.0547050513064231,0.775287778296502,0.208629383084942,0.797658513715868,-0.0356274458770776,-0.0427550669430111,15.41,0,Low,0.34695232,0.9503802,False,True
143149.0,0.86985881164426,-1.95992349849083,-2.61273304474679,0.666434092758298,-0.14555890122257,-0.114712489751364,0.626656988346168,-0.0629229409257088,0.937220027711354,-0.969477420027965,0.689956992134626,0.0311879595554741,-1.58385747525835,-0.988400716368436,-0.455723531055793,0.450849313977638,0.939565236318935,0.95109744163679,0.300163956271433,0.963127485084953,0.110243037006817,-0.890195766201585,-0.332529062511817,0.150189155333641,-0.306472215703057,-0.170647287038703,-0.131998995050037,0.0733244941234828,597.04,0,Critical,0.0001359575,0.99119824,False,True
143442.0,2.03352274287219,0.140643015447412,-1.92426295406405,0.46618126867662,0.672630655650467,-0.262212846921002,-0.0025280149646777,-0.0832095951289065,0.411846389781118,-0.539986066848093,0.954909794321251,1.21495829579436,0.933839117601626,-1.76151348442884,-1.17587219296,0.394768647777407,0.76564006514315,0.69263959269353,0.315184801170397,-0.0668235260907795,-0.0006930941817783,0.307389074100908,0.0041220037013589,0.311192531670838,0.16849804776473,0.605102301739689,-0.0419874030761603,-0.0353354202700107,1.0,0,Low,0.09863057,0.7089911,False,True
143448.0,2.07482077720417,-0.746419848159426,-1.19094547971134,-0.753462614903446,-0.580059623035043,-0.305706727020508,-1.03310702804048,0.0835379731580823,-0.225448596499915,0.228907186178173,1.43244239929837,-0.0362512334433342,0.189195952816983,-1.93248061179257,-0.289013227038815,1.81768613295774,1.16298353715048,-0.0283014962266682,0.416487589439571,0.091181489018219,0.300073554675271,0.872302690820908,0.127414613336718,0.608170009024402,-0.180816824226048,-0.139488487459322,0.0220755520029658,-0.0127101960023729,29.0,0,Medium,0.0016801282,0.81772727,False,True
143491.0,1.28081406098739,-1.19152082343634,-2.11085346027859,0.563224978976057,-0.11011170157929,-0.47571175505593,0.409592056382706,-0.109676816584688,0.801752612035694,-0.826087910612193,1.12800460222596,0.660734892894173,-0.76030706266447,-1.05788519948523,-0.67822271225385,0.267129067603258,0.865043115218995,0.679827966738842,0.29957394833323,0.557487904953348,0.0157936422013685,-0.621436675202834,-0.0997512198258959,0.649501608088555,-0.234752269706623,-0.18135664138938,-0.0882639636212064,0.0382076432835341,374.47,0,High,0.022919988,0.99111253,False,True
143669.0,-0.442450077058525,-0.0770093657972496,-0.846630836411139,0.697531068134517,-0.0623848941009336,-0.419318005676324,2.80665734193845,-0.484704580280205,-0.628697472247324,-0.735092647551419,-1.32733104599461,-0.0909021926164184,-0.10743541241833,0.403153381826193,-0.966830970929788,-0.536823877270628,-0.384825622249867,-0.252017049743837,-0.380110575542528,0.625482763995366,0.338658587007622,0.432743898978419,0.662541239989659,-0.15578165353491,0.434394973384979,-0.56610507091488,-0.108180888265373,0.0257822326088352,402.48,0,High,0.00029649088,0.9896987,False,True
143686.0,-0.231057199531766,0.449427353731835,-0.975381483779425,-0.299616288833434,-0.325231843384851,1.07168111851044,2.68251062537425,-0.505684433342728,-0.065531337504998,-1.12976148821739,0.906913204758659,0.58983515947958,0.58818318024847,-1.71103537064606,-0.722442528699275,-0.0540168195289945,0.672297915197474,0.811720291918418,1.18405262937434,0.184570682586083,-0.123350061457431,0.0867676757987179,0.238178438360595,0.142864254483804,-0.904659254297556,-0.172482674570424,0.121291515542695,-0.0550085272812752,415.12,0,High,5.852454e-11,0.951638,False,True
143877.0,-0.818121790411564,0.235508689551287,-3.51777296509368,-0.10171904731065,-2.29603654144199,1.15116578016535,5.41364830326141,-1.17177991576303,-0.226352484894962,0.0966697381253233,0.734087427629247,-0.0303974968721215,-0.933118511379949,0.938371964664933,-0.594246372847896,-0.852291343175517,-0.431336947164978,0.435429278443826,0.973997270214149,-0.850088239194436,0.149477405072634,1.98001517352148,0.389762447603123,0.881271156559665,-0.892066294506754,-0.419661632311327,1.09211939250597,0.249863799141557,860.0,0,Critical,7.886535e-19,0.9999684,False,True
143962.0,0.227510293256109,-2.79389267362054,-2.65832473870593,2.16199464687328,-0.573159462174289,-0.901785843625565,1.86331820875158,-0.65504931266412,0.181301412158947,-0.153011377202496,-1.12223364418368,0.0310472814821093,-0.665575643046153,0.854061859445311,-0.383726598626539,-0.525422058691075,-0.128231941770359,-0.303598660829094,-0.441077818709328,1.57683441969995,0.60430157774029,-0.194239583369951,-0.829793502648173,0.0588674859720812,0.111657207077405,-0.591618075039771,-0.198718606470586,0.100335401771324,945.9,0,Critical,0.07800013,0.9990362,False,True
144003.0,1.93032095987871,-0.0994100866615758,-2.11218981457989,0.0708072190507422,0.853816889589501,0.0741655265141033,0.106587796297802,-0.0607969751797358,0.591576079517893,-0.750203962923388,0.697447243770746,1.44552165018765,1.37538797437486,-1.58141967490831,-0.825139260798104,0.341223367844279,0.461507995242197,0.579018098519876,0.658792885116325,0.087191343440376,-0.201173654320089,-0.439086276805815,0.0388977188689592,-0.283131849872776,0.0543547717690984,-0.0932719299632223,-0.0150999659660303,-0.0206830460180599,68.0,0,Medium,1.986299e-05,0.9675937,False,True
144035.0,1.54720601080824,-0.607270427462546,-1.97808409462094,0.455797313081841,0.196802169284228,-0.510999764324008,0.342237006828619,-0.164832399448422,0.572291781316792,-0.867434305897,1.43951871144007,1.470331561237,0.791683437247954,-1.54984296461284,-0.854648762290629,0.221175509550966,0.882394951106995,0.520666768449494,0.311283244417213,0.382510268606997,-0.0574568744976729,-0.440378710814438,0.0004471832628357,0.673390659211217,-0.130428176418719,-0.171894600554202,-0.0501089679503272,0.0207920908497001,236.6,0,High,0.09203434,0.9995944,False,True
144043.0,1.97338942470146,0.0818244031106499,-1.77466231438684,0.578661231529797,0.43244949150709,-0.498930771995942,0.0098492521864652,-0.099026935381049,0.421048658244064,-0.540394683710863,1.28001506205081,1.21354575586102,0.604328416869371,-1.68137716128934,-1.17551532966544,0.28868275810946,0.931048337709254,0.593135038097462,0.156247156301146,-0.0643201583792198,0.033141693940506,0.353680670320387,0.044189408291032,0.718343598894124,0.0987383553972054,0.57866975718512,-0.0461657666716943,-0.0289250851745606,16.98,0,Low,0.2023815,0.8636859,False,True
144178.0,1.94018699390495,-0.117461488106837,-2.11628559168168,0.0711965293783614,0.815993291349625,0.0607875144671384,0.0668479221013583,-0.0320250373069173,0.665223150860865,-0.733575174774917,0.615125659583508,1.18881033209952,0.892167896286646,-1.48663821789331,-0.772890691331374,0.363148277302661,0.488910584633848,0.637103830558286,0.663738595209354,0.0455187363034003,-0.209924043640288,-0.475791657508054,0.0493490700417912,-0.296607617618786,0.0399790283836595,-0.0910915951213539,-0.017253198611965,-0.0226399045412723,62.71,0,Medium,0.00029861028,0.99882656,False,True
145306.0,-0.633401828627054,0.645538874025765,-2.10177996432376,0.0548403453101085,-3.0173350454719,1.18038365856388,5.06665072576448,-1.00606345548627,0.0914509038790535,-2.178779623154,-0.370656578111192,-0.612727915431841,-0.424859085048689,-2.35101676837133,-0.389449659753014,0.416105708902424,1.4456513853628,0.544893844826433,-0.41478947894053,-0.617653533956526,-0.30525497551136,0.0007848365364211,0.058805753065358,-0.142885156350678,-0.0329249674396092,-0.359811836800821,0.389654709037818,-0.20653171052744,892.16,0,Critical,0.11715268,1.0,False,True
145586.0,1.51768333362035,-0.885193800515803,-2.27922816859072,0.324174342827054,0.328106387702947,-0.122577339195576,0.275697345753925,-0.0500222216464713,0.835777877745994,-0.7840122790387,0.551995115746944,0.517728902636403,-0.504276332052653,-1.15140780119218,-0.658501032724511,0.442911631185572,0.60888401761167,0.859918487922806,0.583169033940563,0.389575295326459,-0.0860193049698823,-0.680710021270522,-0.0982880450180202,-0.0244447922710839,-0.103777101673072,-0.12974003939174,-0.069600247886315,0.0146536084752758,276.42,0,High,1.0355855e-05,0.8351985,False,True
145801.0,1.99644589172791,-0.119613660080528,-1.88830573099188,0.366391842427395,0.599958888512811,-0.0373803231814194,-0.0454490544971857,-0.0301044340165041,0.556102530961869,-0.323719308372961,0.446864281644933,0.842637414055509,0.288833043406288,-1.11173210633701,-1.12588863247428,0.343674306986437,0.317486947962052,0.647713681371157,0.484603605290876,-0.0579544691267835,0.020413589919122,0.260258337979161,-0.0379172039020747,0.0771356904908177,0.16712888322311,0.620126116233549,-0.0589860325654182,-0.0454976298311878,31.42,0,Medium,5.157774e-05,0.92516804,False,True
146155.0,0.033321286573965,1.78133416575804,-2.00520666691255,1.32868424034604,1.26663434859897,-0.816404214853649,1.00650647978806,0.216730915949279,-0.657382334932934,-1.07889319267957,-0.798417717488864,-0.513496673419439,-0.294079081158189,-1.73459207364118,-0.0653524312389099,-0.0211981350184984,2.01894978243579,0.923693302240851,0.422052013721077,0.0464196348810968,-0.0512290765456951,-0.0008509954436606,-0.143708268950967,0.264374134901613,0.319798119969344,-0.382854733672718,0.15529125153835,0.0107882595555348,25.97,0,Medium,1.651173e-06,0.9966403,False,True
146244.0,2.02446527549317,0.543670841486434,-2.34030717055303,1.47046500899369,1.05660998490727,-0.926125457042348,0.703358434762156,-0.354357104115474,0.0684039609372554,-0.375026960995449,-0.521426775718901,0.205277304880434,0.111725514901985,-1.0745990707083,-0.363255351304283,-0.231925698214296,0.963668262765213,0.0010345854101819,-0.417807011601723,-0.19002716661236,-0.0346667171422523,0.116871326272807,-0.0054743769849365,0.560907751316009,0.498596487817532,-0.521189936369571,0.000438490252403,-0.0209769609193788,12.4,0,Low,0.24830224,0.66124594,False,True
146448.0,1.73032335027116,-0.315923081726075,-1.87687999595272,0.367841984160709,0.310780954699379,-0.461918766316605,0.180924570698041,-0.100129584977964,0.616452769482719,-0.823258938055035,1.44297660833193,1.36593869762561,0.551023960308924,-1.52324733957696,-0.794880399534228,0.162462890527077,0.945203302517902,0.441403173496407,0.275904530025592,0.160498961658297,-0.114769279930534,-0.384137414449063,0.0960990219935299,0.602732348713155,-0.11536511531612,-0.154902746599297,-0.0296571477632608,0.0024062132295792,137.46,0,High,0.00027390913,0.8460581,False,True
147021.0,1.60083691909903,-0.566269720897145,-2.06715179332929,0.523750074594077,0.242095445868125,-0.662067053068063,0.412230970687421,-0.26673437603499,0.86285992974743,-1.03856251594096,-0.378440634999146,0.674748303567537,0.763642288907696,-1.72433454235737,-0.0803758794699147,0.0197585013058975,1.13770888791689,0.0056683772355772,0.0138326959401078,0.353090260859816,-0.118171410798664,-0.568325856481212,0.0047496003485345,0.508183435787705,-0.0966097096650245,-0.138247506005139,-0.0434261824779105,0.0277202087709006,232.37,0,High,0.04185668,0.81047773,False,True
147404.0,1.29119878225928,-1.0747485702854,-2.1829268813708,0.629914261021259,0.0967909959524188,-0.569265287096175,0.650561361547919,-0.335016504488025,0.776631729901774,-1.0687145721686,-0.337140811733666,0.965363533978681,1.28268386941673,-1.63847014699508,-0.127809549990409,-0.0281860794719095,1.00293216440255,-0.0840071251303206,-0.0192317393900061,0.707680105843716,-0.0071171257792526,-0.592338186480915,-0.140679748375203,0.542073257940251,-0.139506537360154,-0.157107012802947,-0.0724472417885623,0.0536091078610365,393.41,0,High,0.2580802,0.99982685,False,True
148248.0,1.1810934998417,-1.44513732545949,-1.50681840650712,1.69992360501458,-0.219350840830664,0.330605513610865,0.35143991110886,-0.024350696453695,0.702989640501368,0.0995637064976618,0.242196159006668,0.960001251639602,-0.623042903646171,0.246600533093492,-1.80668998173455,-0.58145351735086,-0.171912818707829,0.341045490403023,-0.0484104629305062,0.509501821150821,0.570160167169321,1.10253135699633,-0.463154649165301,0.776360815054776,0.40050699075184,-0.292937719964049,-0.0555565599722447,0.0078709855536605,400.0,0,High,6.514846e-05,0.9909548,False,True
148380.0,1.97496530309083,0.197156911783546,-2.32321087206042,0.718918282753936,0.618310778735615,-0.671935489074939,0.0254562803053931,-0.0253679393064825,0.55970152440437,-0.885377483177315,1.32854285533143,0.167169401452295,-1.07897958206232,-2.29867601034609,-0.921977224767737,0.528761883593667,1.87267892789986,1.14743040623404,-0.0494701890702661,-0.156555865921485,0.0290685293783561,0.305256387762301,-0.0057460121203786,0.544965962917894,0.148512423231348,0.678391761318916,-0.0477439733751271,-0.0163844223130668,12.31,0,Low,0.31907582,0.9975266,False,True
148431.0,1.01749807227787,-1.64214824315661,-2.65183416531858,0.459162767051025,0.344952062630193,0.23266354960134,0.700627257511258,-0.155990564788897,0.608967307860807,-0.956028687749342,0.621968447852947,1.2084824768333,0.977319368862711,-1.37850921708633,-0.712807613211978,0.426142428024562,0.503070334176422,0.73496003865932,0.511194623443148,1.01815252740017,0.0794745855376118,-0.727868515157665,-0.371616145848285,-0.272100265282235,-0.135387651052422,-0.14202979401467,-0.107496151531427,0.0605204672266396,540.32,0,Critical,0.029971847,0.9507276,False,True
148446.0,2.00431151315299,0.137829028282518,-1.75531128993977,0.565011067693515,0.454358403649941,-0.503042257213176,-0.0066815957044637,-0.0987933926827096,0.412498883401871,-0.534975332734913,1.29153551333889,1.24952947864635,0.670376102663048,-1.69870626845971,-1.18508475476862,0.283343278868032,0.926637516753047,0.581408141598555,0.160885850063505,-0.0924485460751869,0.0242510641185142,0.367757206391613,0.0574472083514118,0.719409957610873,0.106936976894798,0.580143182985766,-0.0426959998330782,-0.0315595186344186,1.0,0,Low,0.101331666,0.71246314,False,True
148551.0,2.0514571377058,0.578839877416478,-2.35684881988133,1.44456558833552,1.10300767718476,-0.889684239267545,0.687344197716207,-0.347402369336336,0.0731962936328718,-0.36988171679351,-0.583053868675774,0.186399744239044,0.131141536461394,-1.08321920700873,-0.360536828333724,-0.213308754556465,0.937196169070478,0.0205684872443883,-0.387672416826439,-0.210376089598412,-0.0461020356728249,0.110658814922816,-0.0042453477319664,0.490006939267954,0.512493406272795,-0.515635427063827,0.0025596833101005,-0.0236568584576059,1.0,0,Low,0.14163661,0.69718575,False,True
148619.0,1.75925695380031,-1.26556750580591,-1.18562840722085,-0.483502243255198,-1.09843246630698,-0.801659351251492,-0.773407023390802,-0.0625320590551367,-0.176280694839613,0.181637938477385,1.39642051282878,-0.190724129506411,-0.197061150999913,-1.80625533483814,-0.323218917307973,1.86821724542506,1.18224818957427,0.0824896634951296,0.402541047163558,0.365686500435944,0.396956953220859,0.802032907903737,-0.0432470978359584,-0.02004297728826,-0.265368780029984,-0.130350194301848,-0.0087804514723389,0.0085160954467958,189.0,0,High,0.15171465,0.87832206,False,True
148925.0,2.05488117693332,0.453226125119476,-2.63417479256059,1.33104986668472,1.30463953601148,-0.568705060387791,0.653888485039349,-0.276543848076186,0.21397102724783,-0.357824202627895,-1.21558938571625,-0.366692747388745,-0.447608366482227,-0.977569676405772,-0.240972729014031,-0.0104066548498215,0.766954061436614,0.296619049171611,-0.171569121256177,-0.196733010292152,-0.0803917898330809,-0.0616347460094741,-0.0841564353642618,-0.105855722427044,0.559432575007243,-0.479577055775222,-0.006255282405772,-0.0276682051178126,20.01,0,Low,0.4813507,0.9953927,False,True
148988.0,1.99569941127036,0.0927241564645058,-1.77100380547173,0.560265868146177,0.445965935972221,-0.424840805748269,-0.0551343738758636,-0.0441662365747873,0.486710542741052,-0.528881574585903,1.24941620716559,1.00265239062491,0.171805137305553,-1.59482054708795,-1.08260803476368,0.250633902469755,1.00813332271153,0.556268262222383,0.095703436425709,-0.130222171416903,0.0238420622089701,0.349103662828318,0.0690249563993301,0.646293437700252,0.0762736317169601,0.587485040182626,-0.0427779585890597,-0.0332752357622614,1.0,0,Low,0.29858643,0.9989229,False,True
149013.0,1.82489970495832,-0.243977242232291,-2.04851969878674,0.230867295489632,0.558303404656291,-0.201687801875675,0.114451918397473,-0.0489100144208685,0.685542672371126,-0.80165849376055,0.973940572390949,1.09181384472989,0.416953462787369,-1.51693934698291,-0.740112921071662,0.309255501484856,0.780762584518772,0.618783471050173,0.469523241965145,0.0985196391652463,-0.168032362351797,-0.474006637801825,0.0666102484528397,0.111268842292568,-0.0465432172246718,-0.120868673256125,-0.0257470074438042,-0.0084232307576324,106.04,0,High,0.090588875,0.99177647,False,True
149332.0,0.409146736819376,-2.64220754404298,-1.93242215053176,2.01413483744201,-0.515470403632962,0.500779286025901,0.957021164563722,-0.190798299747015,0.488963220333538,-0.119118774759221,0.435917402799114,1.56274743637413,0.550619040051327,0.117778157596519,-1.87731659615869,-0.580404573950674,-0.223046946071645,0.28775563034607,-0.183609154252353,1.39471388996596,0.82520682412973,0.981695855779766,-0.828945873313449,0.827067119711991,0.290935318137769,-0.339292678830114,-0.123929026908804,0.0798855671674877,800.0,0,Critical,1.05829026e-10,0.9972915,False,True
150085.0,2.09170740711191,0.523894755547602,-2.60999370015521,1.31426892256329,1.33568546709579,-0.572267754331004,0.638011191580638,-0.279437985394466,0.195346146923693,-0.353017143633678,-1.19236294659753,-0.294191907889353,-0.313204183165931,-1.00929606235001,-0.258482476266829,-0.0193775790539797,0.758516349417996,0.275818546295253,-0.166427837318849,-0.226617625145774,-0.0903262450804777,-0.0403165293067372,-0.0690549587873485,-0.103058508411066,0.571074895578909,-0.47801135129327,-0.0017626117345638,-0.0306822473596649,1.0,0,Low,0.4931084,0.9940242,False,True
150249.0,1.0952625456575,-1.49958927095736,-2.23730390762994,0.645778952622976,-0.193299433516504,-0.517030532670866,0.606303747183682,-0.201904507975438,0.769027140273956,-0.885909597879,0.879060971515994,0.799907104369146,-0.284496716692836,-1.12120764818432,-0.675256513782706,0.301816502164635,0.76789826303506,0.667159011957185,0.343855426864197,0.76851332259064,0.0655109929087422,-0.641264383824956,-0.27737107686827,-0.563064074049548,-0.234475303632959,-0.127369729603097,-0.0973052074820421,0.0448500072544792,476.55,0,High,0.005713224,0.9647521,False,True
150321.0,1.40170848346782,-0.890525126019672,-2.00056740364533,0.519159957275673,0.0468610548161587,-0.584260273501313,0.482756398899686,-0.238558457468477,0.5862978511566,-0.849344446263337,1.16146094520715,1.50789253843427,0.974441548089427,-1.41206494420527,-0.843248969277205,0.199096222675218,0.714463944633838,0.451760850139795,0.359849809418255,0.52225813448836,-0.0122836309129625,-0.437012373409806,-0.142623567405427,-0.465153829354092,-0.140889332332132,-0.118956057510128,-0.0583511335058226,0.0203756336602406,315.85,0,High,0.0009161889,0.99863285,False,True
150711.0,-1.09439913326214,1.50366648523001,-1.72092489672862,0.848792139784867,-0.958190691468676,0.660178867482652,3.17478256619713,-0.218069340317602,-0.963931601868129,-1.7077027926295,-0.305158992068387,-0.243109414186153,0.608117496715434,-1.86503496642115,0.427560014995928,0.797326475071322,1.35487356065263,0.664425623594602,-0.295864821055497,-0.403253890063512,-0.317634204782667,-0.62195024628484,0.285310680388592,0.387742031357281,-0.46119547460133,-0.962461109335218,0.169386727747103,0.0457942656265856,514.9,0,Critical,0.031428456,0.9989378,False,True
151023.0,-1.17748157551765,0.548045714863803,-0.107948647760586,0.252510323688408,-1.00384228587781,0.103568204682557,3.01842419062075,-0.622753470319617,-0.779506062434228,-1.40794356382977,-0.211510795198406,-0.408716962431845,0.395485133650435,-0.88752414230814,1.39597783068675,-0.167583481694961,0.77315123825916,0.724485667523804,0.592852344110897,0.197413644039457,0.204250391587173,0.735126833788327,-0.264654819246265,-0.0346368290441888,0.968990640303547,0.200841230500345,0.123746222547756,-0.0119569017075737,494.0,0,High,1.0750163e-08,0.828577,False,True
151250.0,1.98820185982699,0.693033678202118,-2.63470461891104,1.49857884224298,1.24375670724029,-0.813011789532851,0.617002154362172,-0.195964907605408,-0.180122812678222,-0.573518828884695,1.47296016171743,0.556884137825339,-0.39213865229541,-1.74746229286915,-0.936996201143982,0.25663101789959,1.48883149413638,0.921162540437363,-0.294480824680335,-0.197699246285022,-0.0391300378559839,0.0824626373675735,-0.0090237128594147,0.501453854297753,0.449748191102455,-0.541155125958553,0.0077156062508716,-0.0122171125738646,2.0,0,Low,0.2023103,0.999171,False,True
151580.0,-0.932058587892327,0.462100333226775,-1.86047049430466,-0.0659286042865177,-4.48931403540882,2.09353246598967,6.14023867237951,-1.23282007251629,-0.0828459059784595,-2.14492804835919,-0.399473368863239,-0.373899564799742,0.239410288819781,-1.90952730084519,-0.113970458208507,0.292231710219897,1.04167485281661,0.310060151022883,0.403205039759627,-0.615720272158407,-0.418100179894348,-0.0884065804844375,0.130734697466036,0.0129511222799984,-0.4744669052764,-0.0929349435358341,0.679435658577576,-0.17659781153308,1158.3,0,Critical,0.01596306,0.9836875,False,True
151693.0,-0.740250586820057,0.997979685436004,-0.795172545157178,-0.681450604102034,0.432189103946639,-0.0857570616413914,2.39143834562731,-0.330418418870143,-0.0213223180902517,-2.12583951415673,-0.757258690663074,-0.401509713238327,-0.286765268903172,-2.18240658311938,-0.79124049089352,0.314402679508612,1.19969118796485,0.527222205511849,-0.725858899302527,-0.11321121079535,-0.106258138157791,-0.14516108038993,-0.120607017753686,0.34953332013166,0.262509331066544,-0.436500155595644,0.105304279533381,0.129304370837012,265.54,0,High,0.0640793,0.85762256,False,True
152120.0,2.05093743464119,0.0856206374557359,-2.0467359366726,0.411786925201471,0.740349402729102,-0.129307208179292,-0.0522824635688636,-0.0294102162884015,0.528840815399231,-0.520444339789663,0.61118893394594,0.780792601446354,0.323851356992376,-1.64658603600495,-1.08497218850938,0.501169402540337,0.708824493113807,0.85770196959423,0.417290498876265,-0.100027525692138,-0.0251645424074302,0.20585161567843,-0.0202356281077976,0.0335275060800746,0.180860409678899,0.623360164028519,-0.0466479836523284,-0.0393399386990922,1.19,0,Low,0.2557268,0.999151,False,True
152194.0,-0.650106838129509,1.3071944164517,-1.69364874491419,1.03578746943471,0.870156497910938,0.623987932849492,2.53797547218167,-0.346492825585518,-0.985802877592499,-1.01179166978539,0.723410031144471,-0.513327457385805,-0.802398612015397,-1.79084423984587,-0.515856346504225,0.130382134889675,1.54855608584923,1.50785748590644,0.989658531122336,-0.192685318068812,-0.0533740980156343,0.16812938823265,-0.40277996919621,-0.14471981060597,0.189213269041142,-0.384075495087966,0.127730609599811,0.126676031368013,305.99,0,High,7.5759615e-08,0.92289835,False,True
152458.0,1.9865342086434,0.0135526798108291,-2.07429472340692,0.434329058707731,0.750331260036524,-0.105770153248303,0.0249180807111658,-0.0655093601259533,0.451868641047755,-0.550221643821947,0.693914973468799,1.0386666771104,0.812104466363064,-1.73497633351161,-1.13366943933682,0.482967875914977,0.682258841243536,0.805400205133326,0.403328402352969,-0.000865645041916,0.0006912745664869,0.227657539310154,-0.0555688872067132,0.0484518250634138,0.184870789356542,0.618169035118775,-0.0498287234125752,-0.0324677364958727,34.71,0,Medium,0.1870663,0.98928726,False,True
152529.0,0.501362018262992,-2.68157131814734,-2.15992964459813,1.00377836269475,-0.682559935734307,-0.317120913770156,1.13150509563587,-0.359265810471599,0.623418956138847,-0.335472912978584,0.412513394691728,1.15045134796867,-0.0632041243839429,0.553956951442217,-0.993858721802487,-0.283173020905257,-0.430203377264914,0.205741197093563,0.402158243290666,1.35505059995609,0.453505325223761,-0.228493219411222,-0.639961374255391,-0.278566386035977,-0.0947417356873307,-0.378231608934815,-0.162234475098496,0.0665399228092088,791.46,0,Critical,7.5857075e-05,0.95894784,False,True
152560.0,1.2870689555975,-1.25570522286834,-2.33095049243249,0.462090633167571,0.104567626057597,-0.195731306094627,0.413203931665392,-0.0781652835369971,0.844587447816724,-0.829852595029954,0.683123117930842,0.461779084803125,-0.748423969626419,-1.06863765897248,-0.632815692292643,0.413494882586532,0.694085224083114,0.84968035864157,0.47764384456602,0.597545864106431,-0.0081516955591137,-0.724177792693382,-0.171235576493948,0.164159337970668,-0.178073678425409,-0.152665798729577,-0.0921011360691689,0.0356435039758606,388.82,0,High,0.0032532953,0.9995215,False,True
152815.0,1.69576777228144,-0.476535955821502,-1.78681830993146,0.411050852501186,0.345499241521463,-0.0807347797908853,0.0746918838461436,-0.0500083682995702,0.60703050698828,-0.545933316720854,0.850523399263653,1.08015597013358,0.699692623287193,-1.02393575770636,-0.166471630750493,0.608306275479308,0.0401079037526821,0.951550111827132,0.223711780176711,0.2373338672405,0.0348368512306738,-0.110054820068181,-0.0269318593491195,0.111402294278112,-0.0420747024515912,-0.420956213000511,-0.0130116591528764,0.0036971334294596,172.6,0,High,0.012605498,0.9985656,False,True
152994.0,0.597887038056498,1.09583232093862,-1.62067319897902,0.59299002979735,0.861032465956061,-0.126206061906114,-0.143979467948113,-1.67395315366321,-0.0311613408611842,-0.960687686019035,1.47279951023799,0.797311351701141,0.161308612446052,-2.35695999090911,-0.887433504748989,0.142607892124142,2.1493072237434,1.15710303097748,0.586927309391913,-0.272892875650521,1.64982855047021,0.142172464488921,-0.0741714914071054,0.581682218436042,-0.0527170838376606,0.750089673039451,0.349044336387405,0.404836509386752,12.31,0,Low,0.0010873465,0.99746907,False,True
153282.0,2.05196235530454,0.628752456354118,-2.34252381455382,1.43787070607096,1.16449459524783,-0.873292359138537,0.734087262531926,-0.386543651993905,-0.0311236815251214,-0.390117283840014,-0.465559877841288,0.552818929606746,0.820108596273448,-1.22033219548769,-0.436128326317006,-0.245626799655235,0.897825565456571,-0.0639594923077241,-0.392324039300509,-0.166233614896133,-0.0381805854313866,0.167083642873183,-0.0125149874607283,0.508870260325814,0.535804980068918,-0.517944204553169,0.0070636290427779,-0.0221771788845555,1.0,0,Low,0.36892787,0.9860481,False,True
153497.0,1.08769021766477,-1.48621677279001,-2.26782360743072,0.684950436978513,-0.218060356912915,-0.585617971707247,0.602169854140107,-0.19525236178463,0.791028225463228,-0.939015305013864,0.948539637420883,0.680929009079021,-0.52056566725253,-1.21926298967676,-0.641866533224729,0.338044627277271,0.917855686747175,0.734290123676404,0.296910683889474,0.758070463348177,0.0601501899094428,-0.667811991082946,-0.268979400342786,-0.51079395100161,-0.251348254289911,-0.131021281442718,-0.0970081579704228,0.0484079967459406,477.24,0,High,0.0010314495,0.93493915,False,True
153618.0,1.29762484478949,-1.25778034257436,-2.51169336360353,0.351748806009677,0.38999297128498,0.154104695266881,0.432868795054599,-0.055620187655755,0.793007730015709,-0.855920389053606,0.431894608925629,0.616222116529421,-0.150954367116325,-1.19205094404651,-0.610154973311746,0.458671196336404,0.561752019251652,0.840410099420532,0.565082947871001,0.651382514943602,-0.0213141978102066,-0.7413972994888,-0.230211606780633,-0.309743439440006,-0.119291511301645,-0.122826374425965,-0.0872257991951408,0.0328327787781039,394.9,0,High,0.23810552,0.99975604,False,True
153736.0,-1.24140211308933,0.55853732312039,-1.78979107412187,1.36817257371582,-0.115443336277599,0.159241759672498,2.80068113322598,0.0515995730746862,-1.14255556179697,-1.28557764190691,-0.854316085661016,-0.230629929227049,0.226229960931691,-0.749846305911429,-0.161118998699004,-0.461740297417624,1.39183819562038,0.552964643644668,0.463491457436797,1.10502428528399,0.348436954350246,0.350409334261564,0.892628860087096,0.441855434750164,0.298795270085682,-0.414791154865818,0.161886599054639,0.255810081077611,493.6,0,High,3.333576e-05,0.99917585,False,True
153775.0,-0.725057409100202,0.550680652437217,-0.399291098445949,0.62399627978143,0.775683812436919,-0.628565911456144,2.10873585146706,-0.268218237422428,-0.764098718380453,-1.22166795034734,-0.406591465046453,-0.149624217955751,-0.156375131879784,-0.822079573001849,-0.415840471366726,-0.0806143994212507,0.633721909046699,0.0559438405906532,-0.753965852059384,0.407597512686657,0.108011478121558,-0.0937989991047095,0.511041972263395,0.919695653300933,-0.199282349974709,-0.884729720072358,0.110422658786567,0.249099272474643,242.09,0,High,0.00011541188,0.994779,False,True
154936.0,-0.673182551145092,0.901811692611251,-1.0949730529951,-0.744254395651048,-1.29366949503618,0.99061909890972,3.0075220118327,-0.432084382996125,0.155839384596879,-1.45219152667638,1.01266595423785,-0.0183904449533702,-1.06740064275493,-1.49557628466272,-1.02290344553997,0.378112811170983,0.805599077839652,0.761011101515345,0.190728434476343,-0.579302077404104,-0.212391343560023,-0.0991071728746563,-0.0282047161665106,0.595570126909997,-0.734888363051423,-0.276920738335988,0.147846752159073,0.058215164084905,481.85,0,High,1.77736e-10,0.8331729,False,True
155063.0,-1.29582193426942,0.312873486834265,-2.40984651856974,0.47428826117654,-0.124247696567357,-0.455977293488702,1.10948609114902,0.471522335399425,-0.0948309185130192,-2.02871186443905,-1.00843843962907,0.105060707473965,0.2422887022646,-1.54582643916378,-0.301585742662635,0.383053087472045,1.76562105774562,0.777677002914556,0.224823792787189,-0.176917953653703,-0.0235031056077954,-0.226768628244322,-0.0485507033644379,0.343176144560652,-0.0926020395737336,-0.340564753282695,-0.105690306754239,-0.370696598463237,304.47,0,High,0.18777929,0.79607105,False,True
155238.0,-1.53707660534669,-0.753756389521467,-1.37300882499929,-0.656434100287074,-3.83966054605259,1.66471050166696,6.54226566745194,-1.4376720862123,0.269772846754561,-0.866047063479662,-0.813569515109213,-1.18490502066315,-1.42990819503282,0.0274443792622173,0.114615017144186,-0.217166292535517,-0.57012260655953,-0.378939982168045,-0.101829049265271,0.351415682559684,-0.324293218912673,-0.112582924472287,0.643957971554063,-0.0100025487434372,0.0193952575539136,-0.141524784492027,0.647794707039284,-0.483668144310556,1217.11,0,Critical,2.9794058e-16,0.98656034,False,True
155324.0,-1.00353843467075,-0.750978999356098,-1.76932314629387,-0.711085232660876,-3.09938569125128,1.83281128001559,5.88463617912697,-1.29837674331915,0.383622621244734,-0.683119776390971,-0.754391692773662,-0.679089972864829,-0.488668916127494,-0.223458619483069,0.0676877512700224,-0.149134395312741,-0.708383982382342,-0.474859923611579,-0.171161064498298,0.379466306848056,-0.365289264214823,-0.252007736305616,0.655279834295823,0.616931202424216,0.228982635795519,-0.164867253018509,0.453205720595941,-0.643227528454697,1103.37,0,Critical,2.6913858e-09,0.69196326,False,True
155431.0,-1.33132520722033,-5.91865740602152,-3.44689660871261,1.42191444576669,-1.42368663822548,0.419437658442067,2.32912583677855,-0.603381205214452,0.90159835671213,-1.04776606502275,-1.5866752878415,0.442740200669867,0.514536923191158,0.410801558149783,0.0221429215700113,-0.0401812823782025,-0.351563936630788,-0.0296527287280862,0.0791474926189401,3.44271184228386,0.85848493121525,-1.33650398387142,-1.41072542855702,0.140464277166445,-0.594094830654673,-0.268686564202863,-0.365517523073158,0.253691087938156,1783.78,0,Critical,2.4047782e-05,0.7498681,False,True
156290.0,-0.226419231437985,-3.64818771960954,-2.96293755197573,1.22507577484649,-0.902775292290049,-0.390546172085634,1.56127775377235,-0.434667316427741,0.62099660910824,-1.20932939404674,0.9807230643509,1.05680574525378,0.246033674973028,-1.05003518257177,-0.688028294028104,0.408116795353893,0.736811542125399,0.819434738491732,0.163907753143852,2.19601772376827,0.485324113956949,-0.978086640249717,-0.883942993878043,-0.386317676934797,-0.467736610885084,-0.211982851307147,-0.22725844901059,0.166557478495045,1162.55,0,Critical,0.15202922,0.99743587,False,True
156383.0,2.0470559041527,0.536463571524527,-2.44855051472759,1.40870835990989,1.17595429548713,-0.780995185466419,0.687720795250841,-0.331229653323345,0.102233338218949,-0.37052325065488,-0.771187831477598,0.0641452226872879,0.0524710341909893,-1.06992121122507,-0.333139269896292,-0.151705159041453,0.875282979517509,0.0979685071170691,-0.318633717986242,-0.192947243326771,-0.0542976543530986,0.0617773667307845,-0.034270663808508,0.298206640752328,0.530515032196097,-0.504515664922811,-0.0001522347704509,-0.0242278064973036,10.12,0,Low,0.20903382,0.79553366,False,True
156813.0,1.43503128307352,-0.394439762262794,-3.38287215002087,0.83601066133841,0.731718984377409,-1.34004107799659,0.928503599824329,-0.34331343177379,0.366695838903638,-1.42284277093473,1.38398953180881,-0.150600170856693,-1.10992838359204,-2.3495364065508,0.197014232957017,0.879508193853001,1.90391376288474,1.98649298197802,-0.0798069056328473,0.440008787802893,0.123862585771408,-0.206227599248757,-0.375535775363634,-0.774778346304653,0.263539791372216,-0.537679935022668,-0.0373678341665842,0.0524426175725348,318.33,0,High,0.04176031,0.9997459,False,True
157249.0,1.29464896607069,1.22178115415389,-2.36147305225842,1.63557675823837,1.15936042694226,-0.780775636626563,0.27758627264718,-0.995896132671989,-0.430455434983197,-0.988943219761645,1.75331632737734,0.259234177450291,0.254019510917357,-2.96803100286458,0.452470787602949,1.14997318203284,2.08730198716535,2.17859370955025,-0.296910637762733,-0.136845255533403,0.890610344521765,0.238838251354146,-0.151907759151576,-0.75829669445959,0.388915414551698,-0.319750192369097,0.190831216172948,0.176564810962739,22.24,0,Medium,0.00024228895,0.9579707,False,True
158497.0,-0.298209780109378,-0.220727559135062,-1.92021065431817,1.44252633444589,-3.6754404141695,1.83749826732649,6.04883479954229,-1.63723159867021,-0.715742664834524,-0.609174435172691,0.0416020573612657,-0.539839088329916,0.839495507323749,-1.39189433477421,1.32924317421083,-0.752644442208722,1.23517883405712,0.20309204725643,2.51595351035298,0.609926084478489,-0.197347059743968,0.225925568911073,0.852585024287729,0.0504465544502155,-1.2432852013366,0.689118537863703,0.23956361962912,-0.429975200932624,1125.0,0,Critical,5.313874e-07,0.9999999,False,True
158920.0,1.66922415627,0.0560980041464652,-2.34515535148937,1.69925103901151,0.739248358552555,-1.08808829796894,0.974948342132634,-0.456873895601394,-0.065607266737379,-0.471012743837768,-0.053135662727829,0.649872544814686,0.63626561886691,-1.12434389570097,-0.434352162879212,-0.356604144932025,1.0863698919864,-0.168541450525548,-0.631215667233022,0.177168144765055,0.101423645168255,0.150084196947226,-0.110246361757544,0.99854920472612,0.400607133783875,-0.566718279514248,-0.0272572481420698,0.013861191473816,181.45,0,High,9.470342e-06,0.8617964,False,True
159013.0,1.78329344367085,-0.458827848872177,-2.02272073812522,0.617791172818907,0.475189041196387,0.0109940872719713,0.0672625805683487,-0.0123221293293701,0.620570899771412,-0.346592061957994,0.325229606476749,0.474365798012857,-0.390351017212761,-0.983556735406915,-1.04747898695465,0.393519542668897,0.372173880293486,0.816185060182294,0.391437480101573,0.105010498627468,0.0812251453298786,0.163798079734549,-0.131812038296531,0.0496782638123047,0.144211883235616,0.429996243144289,-0.0691099952517587,-0.0247803627359814,137.1,0,High,0.0004824113,0.99732167,False,True
159293.0,1.90928465286277,-0.181822555312739,-2.26341926915306,0.0761789606143426,0.868618455981111,0.122344784330082,0.0771846330264493,-0.0103042716982063,0.716467692866452,-0.792475008373213,0.470052149445933,0.94006818246496,0.588647036512793,-1.57153670585833,-0.708935242887003,0.471118300874019,0.565978900772171,0.793325847373162,0.693802774536485,0.0759619640722351,-0.218827362867006,-0.56226634872995,0.0142864043694769,-0.465979791548653,0.0413205260265851,-0.0829110890122071,-0.0217436607834065,-0.018053710049081,83.43,0,High,0.00010836013,0.9830026,False,True
159428.0,1.98003180139118,0.0668343937219885,-1.78009762455466,0.566853682864306,0.437967476214438,-0.421922285103939,-0.0443725589846882,-0.0462712185221478,0.485755297066274,-0.532658920098398,1.24953240032081,1.00298643114707,0.173251041793717,-1.5929844754049,-1.08158780117655,0.251703567180198,1.00837376066046,0.557929897966398,0.0931131815922174,-0.113706478601018,0.0287561613330101,0.344823301622442,0.0618768064425274,0.64670958189206,0.0732958386007634,0.586620090133371,-0.0443103183557664,-0.0318631409253908,9.11,0,Low,0.08085005,0.99899,False,True
159503.0,-0.372244366038649,1.23453973292596,-4.12555910682512,0.263315132678677,-0.541723920100889,-0.239695908747622,3.98011412145887,-0.569129615973974,-0.726374798194602,-1.61104706346076,-0.374896129607028,-0.137964616719013,0.524943378532157,-1.39175546131011,0.0504151615939634,-0.448326468300274,1.84690801896468,0.883344725068412,0.248620268672328,0.0508522021909461,0.405289251440596,1.54944436287243,0.393433430430918,0.500596420254685,-0.889834639232658,-0.426215556172606,0.606420998872787,0.251864834906683,583.8,0,Critical,1.4892018e-09,0.99901235,False,True
159724.0,1.06873255258838,-1.55812306744991,-2.24043448300887,0.642088536856718,-0.204008483291886,-0.354662767183348,0.515025981815071,-0.0941490239733953,0.832253618639863,-0.875156341321517,1.12264357450649,0.528124851609568,-1.03339650033082,-0.971271234657887,-0.585164178994903,0.238625962074941,0.937852544016561,0.6509248115512,0.199332316824975,0.747599934820623,0.0816261860515334,-0.67879163241546,-0.183553871149997,0.587452419614473,-0.297122437991878,-0.185948568511024,-0.106909747216065,0.0552878393748519,479.87,0,High,0.25636235,0.99993277,False,True
159767.0,1.6919183283219,0.0608114745834245,-3.15944835784201,0.759006618975744,0.802683461421685,-1.4766734306189,0.755861564434972,-0.324031970102889,0.354501183932983,-1.36195585618133,1.5419750037054,-0.042153570076122,-1.04447461908077,-2.39493492309529,0.155235927570611,0.810084818526838,1.94995730778268,1.8926250277811,-0.0952858730765834,0.160157581184711,0.051499908401505,-0.0946217045240408,-0.23541993494205,-0.621991298812994,0.297541280536697,-0.532989982613826,-0.0102004960443869,0.0301436760059333,179.7,0,High,0.02675145,0.9914214,False,True
159784.0,2.12141454779408,-0.724697827729065,-1.35261429499971,-0.858304821339077,-0.365159223104847,-0.0714124882943562,-1.05031123717692,0.109298989835707,-0.204171130433491,0.232158729085648,1.07218822144124,-0.144479011288171,0.313252061882192,-1.96991411400323,-0.265820850709196,1.93438146530987,1.00959190004414,0.0979813210027312,0.574607346698873,0.0895480485894505,0.268061432211702,0.805426074926957,0.0837200021205886,0.19571554095222,-0.120595130051027,-0.1131024100083,0.0235933295133109,-0.0183577990610436,19.95,0,Low,0.13392991,0.5155553,False,True
159854.0,1.98850499038623,0.722981225564702,-2.62610961571453,1.49456191288425,1.28064885807814,-0.803176661455446,0.645047993251604,-0.21944967719995,-0.242714797773018,-0.585660169112598,1.54345655621812,0.776735649045961,0.0212415835918218,-1.82973008595652,-0.982351099933952,0.237240190840329,1.46520913196804,0.870445752706095,-0.297271798164777,-0.171213761463654,-0.0343771677111209,0.116317534137794,-0.0139854966966718,0.512771846932469,0.463735135380129,-0.542540392452158,0.0104179736904781,-0.0113293048300344,2.0,0,Low,0.10477156,0.9696723,False,True
161392.0,1.24790803952836,-0.643581508012726,-2.58882469372845,1.88930737633184,0.485298194222306,-1.09774405930058,1.28574844215889,-0.541816554072826,-0.0929858717327367,-0.566508873631083,-0.0900763659222745,0.649414926939211,0.692203455178172,-1.08190910720349,-0.455942067287985,-0.271944067295796,1.03902583683447,-0.0386732525357259,-0.633796731275855,0.636869344170314,0.231022413810339,0.0118814068468004,-0.312023355138934,1.06987124237348,0.333307238301042,-0.596159195052095,-0.0723422952614688,0.0532579526201963,403.81,0,High,0.019162672,0.99999535,False,True
161612.0,1.9880476133153,0.119342220769205,-1.76421966133005,0.55829728506876,0.491042822187173,-0.410226656628187,-0.0122064117771472,-0.0765616023704473,0.402763394370043,-0.547012263831874,1.34347114403259,1.29595949588299,0.723722240360578,-1.70356686648785,-1.14255664941931,0.225329466617934,0.976760468210913,0.489500258488528,0.0906502811522902,-0.0864161523157154,0.0327059540109058,0.392042648958217,0.0587338086952519,0.661598067577347,0.0933917690159374,0.585193278153496,-0.0399627107855524,-0.0313654211457754,5.17,0,Low,0.14581953,0.7637245,False,True
162571.0,1.91266756763973,-0.112129285859979,-2.18076909073749,0.0996674657864336,0.856527586614615,0.0489251512654334,0.11190442918752,-0.0521709331209922,0.616109181188358,-0.807102435768122,0.70557375465325,1.30845640579995,1.16215636561229,-1.68375061316999,-0.786616665711371,0.398599492816152,0.585562253032701,0.669614898747489,0.635853638241829,0.0954792338551212,-0.206341963002818,-0.481974648378131,0.0316043682144855,-0.300777852431365,0.0443326421691587,-0.0934156298886167,-0.0163076153724354,-0.0164636347159296,76.48,0,Medium,0.07908994,0.9997178,False,True
162704.0,2.09180845063166,0.53387727133513,-2.60712869908971,1.31292994611038,1.3479828507084,-0.568989378305202,0.647359804543782,-0.28726624192598,0.174482151892095,-0.357064257042979,-1.16886414843063,-0.220908070815813,-0.175410771203521,-1.0367186600458,-0.273600775863485,-0.0258411880737336,0.750642228695214,0.25891295038483,-0.167358161813663,-0.217789130205318,-0.0887419550321901,-0.0290315637166637,-0.0707088867331009,-0.0992858441994941,0.575737210338133,-0.478473106791139,-0.0008618225880283,-0.0303863114450548,1.0,0,Low,0.052254677,0.8713584,False,True
162934.0,1.96975142785868,0.440951607076815,-1.95661195876967,1.43923495524939,1.01216620718037,0.436297322611903,-0.291474146493188,0.146881465028828,0.548488838616186,-0.91678632082286,0.777142481582995,0.969557396686768,1.22593518155256,-3.18469284903269,-0.789004141111045,1.11090257038889,1.23807466401029,1.85773849296788,-0.277881488402572,-0.0541735526881246,0.0527957539242633,0.51823324499445,-0.106040056934101,-0.400728585322802,0.319153230815692,-0.425938782982564,0.089419892504933,0.012458516365637,0.01,0,Low,0.0150796445,0.9860495,False,True
163411.0,1.66174876902737,-0.434146137952402,-1.91808534024272,0.397324023318363,0.269650096726789,-0.450793475013306,0.223318275830525,-0.105421832750786,0.622706892265552,-0.837756028123281,1.43173539312218,1.3307577430002,0.48845108073896,-1.50150577407087,-0.782859143036092,0.170372994331579,0.950191945376047,0.457123322849921,0.265040920516655,0.228317960079492,-0.0940690580089693,-0.408500539904077,0.0656627456497858,0.602666070181158,-0.130719986854979,-0.158454825477623,-0.0368094906626802,0.0084342013590559,172.93,0,High,1.2970921e-05,0.814726,False,True
163510.0,1.1872766487548,-1.42721037662237,-2.42677526748441,0.485645823948876,0.0995520689659155,-0.124885535759177,0.48954127449624,-0.0914317400977228,0.831908196865643,-0.857610039852068,0.620648848657184,0.478214222208255,-0.643578306843261,-1.07730806727592,-0.628410725465426,0.442048221676989,0.659879891781181,0.879148700346076,0.492001875091109,0.717097353507243,0.0203320600007409,-0.762393026029305,-0.23114329155357,0.083046637870065,-0.184019836767836,-0.153448529425911,-0.102048844393853,0.0444884973325737,443.64,0,High,0.039131023,0.99974304,False,True
163520.0,-0.942431029124599,1.16348523025246,-0.804938207822044,0.157787267974821,0.258005966172488,-0.486751594892077,2.86688364814124,-0.603442806321993,-0.69003771100877,-1.94381042291639,1.94529725428056,-0.860291175629382,-1.64717359893562,-2.62483005255302,0.541306845380146,0.289178961541345,2.33947594098494,1.96546698888705,0.60441979969066,0.115052926427182,-0.0818460364797879,0.0119820665302995,-0.463306542959512,-0.262792006549556,0.967689005117033,-0.303323410536158,-0.0710533445080019,-0.201149920728831,333.75,0,High,4.0109873e-05,0.999913,False,True
164176.0,1.78012200885096,-0.416615609760139,-2.28145836723102,0.10969921124644,0.784833914523458,0.173285060758173,0.168004430681373,-0.0347344935726947,0.693418374912423,-0.76893706496245,0.451264672772477,1.04362061540206,0.746526373815219,-1.43829516347603,-0.730341703512754,0.426994008531919,0.448113993229678,0.72674713085574,0.692943107246506,0.217969713144448,-0.168418633184584,-0.565116519238784,-0.0445532011287341,-0.446321912186892,0.0211171772805192,-0.0906388855970549,-0.0353407057624412,-0.0091933649241687,150.92,0,High,0.0050231013,0.9991431,False,True
164220.0,1.44946937863312,-0.56909304299245,-2.30999241499988,1.04479467468431,0.189652718469157,-1.04205507941157,0.656591201668928,-0.331147342004092,0.7422344277291,-1.17779631692625,0.0470351933349284,0.420335433228469,0.0651976394180434,-1.96135611245867,-0.132595866576725,-0.0960346873632927,1.73110982037372,0.237911486012012,-0.365951557969855,0.412701238188022,0.0285908733630222,-0.276989934512643,-0.0986508178419322,0.941949577807421,0.0463347072561928,-0.378402756659353,-0.0363776467369676,0.0510689264485433,290.58,0,High,0.42384127,0.9894769,False,True
164220.0,1.65279678004853,-0.572536716133462,-2.16104054211636,0.3090662206875,0.415337169832449,-0.184466318991942,0.19028541075148,-0.0367442220540848,0.768965350604691,-0.824829609039554,0.869468947574732,0.765696195703433,-0.187276124856877,-1.37342237140369,-0.660903291232412,0.350060571854618,0.818830272254984,0.713062886414744,0.445331879509228,0.239730907209567,-0.121324712307567,-0.571682952518446,-0.0042594214955798,0.0988509669585133,-0.100147174747725,-0.12826682923413,-0.0465884951348907,0.0057154184473314,194.89,0,High,3.3233536e-07,0.8830897,False,True
164441.0,1.88776142403002,0.62826988690252,-2.75957058286354,1.62239582744255,0.944622296864583,-1.15455901266687,0.364580675536746,-0.135389346167279,0.0345521682776357,-0.974695077330355,1.53126492421627,-0.558651257008026,-1.40204078796233,-2.7255621085966,0.405777909218057,1.43115948321574,1.95612710013755,2.26414005330485,-0.824326935225997,-0.133303038078449,0.106823573857281,0.293626179394364,-0.136295490129905,-0.730962672178232,0.263143555477082,-0.41954559365041,0.0292391204906618,0.0198264451018551,48.8,0,Medium,0.003913896,0.99394375,False,True
164456.0,1.98663644299371,-0.0564144770876677,-2.09615466292082,0.431105673052241,0.697404341762443,-0.0423807777042645,-0.0671924990398561,0.0216559164103106,0.610092231140328,-0.525741026262741,0.557732850498114,0.498459830034669,-0.238481659690452,-1.52246881054831,-0.971313294376978,0.475490393372129,0.795111195799805,0.846915641493572,0.343374808619717,-0.0835653426350953,-0.0089148811077823,0.166355293052622,-0.0332152217289164,-0.0399975465868789,0.137291253391922,0.627861313102729,-0.0526220091494143,-0.0361890329948599,29.99,0,Medium,0.001151018,0.9564678,False,True
165776.0,1.77565753695726,0.0647323255068086,-1.89091537728794,1.3032600251071,0.847676903691653,0.37556141506814,-0.0635283964870385,0.078725774911851,0.290383353266997,-0.616511083121148,0.828075333122728,0.963193147992956,1.24153853684268,-2.19539648647421,-0.168592832397699,1.22173630213063,0.49102749934235,1.51351171532677,-0.300949102715339,0.1538425955372,-0.0049322516702665,-0.054778418583118,-0.0369831909590969,-0.386322105515453,0.039638104314844,-0.68101947026392,0.0503404139606635,0.0210023203108582,110.0,0,High,0.020721782,0.90524983,False,True
166105.0,1.94694953706478,0.446551140748735,-2.38703114811206,1.49330092015418,1.07159919610573,-0.885269185240459,0.790471923031575,-0.391023948085098,-0.008238846029103,-0.408454305000321,-0.460639778128345,0.456865258230113,0.609047642873067,-1.16341036472288,-0.409492971837642,-0.241892276980132,0.927955839617319,-0.0418419941590173,-0.424727314859887,-0.0741357689347625,-0.0057634425048536,0.130220867783182,-0.0507669265155222,0.551002588731846,0.503259710055283,-0.52564689922229,-0.0042107979434919,-0.0130116191850487,53.63,0,Medium,0.27511272,0.843375,False,True
166974.0,-0.425914675442537,0.157949556896946,-2.1526669809312,-0.0738425071020389,-0.272314637138708,0.250956081241894,3.39845674686879,-0.898711291177168,-0.45011090316683,-0.481566637764259,1.14604408161449,-0.320280266674509,-1.11103353596872,-0.758230459733751,-0.804007871001398,-0.0586896056421223,0.562276014884017,0.490232902356443,0.403135184722548,-0.500109862892842,-0.0009923321670773,0.707211944708713,-0.170303984598165,0.709869711370961,-0.578320435362791,0.53933937125672,0.045315270154384,-0.272949847307268,522.3,0,Critical,6.355612e-07,0.99998903,False,True
167296.0,1.23228829422144,-0.896742613961276,-2.93537658282235,1.61590428654554,0.749928843395979,-0.304469952568249,1.02356405004786,-0.206411484512858,0.0065234388626727,-0.348523341409607,0.638744851993955,0.0210786104546037,-1.31250164829538,-0.515120313304613,-0.82836791032228,0.181834429330681,0.689234202721606,0.865533943686213,-0.122077022775804,0.550703159705477,0.220477056844134,-0.162131791564204,-0.392810105311639,0.158894837025268,0.316049545995384,-0.555941557522222,-0.08884767005256,0.0318786850067332,411.66,0,High,0.18854994,0.82168704,False,True
167445.0,1.98820185982699,0.693033678202118,-2.63470461891104,1.49857884224298,1.24375670724029,-0.813011789532851,0.617002154362172,-0.195964907605408,-0.180122812678222,-0.573518828884695,1.47296016171743,0.556884137825339,-0.39213865229541,-1.74746229286915,-0.936996201143982,0.25663101789959,1.48883149413638,0.921162540437363,-0.294480824680335,-0.197699246285022,-0.0391300378559839,0.0824626373675735,-0.0090237128594147,0.501453854297753,0.449748191102455,-0.541155125958553,0.0077156062508716,-0.0122171125738646,2.0,0,Low,0.0005770197,0.9700056,False,True
167809.0,2.00575819527567,0.0234934216989796,-2.13007518084649,0.0753741358288499,0.846818123250823,-0.0614987257223254,0.0552402538794756,-0.0562390314955882,0.651398909736326,-0.772471671371905,0.629568818833226,1.18710241664481,0.963917442744126,-1.66048250677027,-0.819035805796873,0.457824873547183,0.542132874933062,0.770269766753547,0.719737650941277,-0.0004735029247738,-0.24050930904945,-0.496528535792765,0.0670690239643488,-0.24878188945994,0.067836462771772,-0.0937570754818642,-0.0124178260066612,-0.0238870363564439,32.49,0,Medium,1.2585388e-06,0.9187719,False,True
167854.0,2.01681362210577,-0.847180881919468,-1.22601726168524,-0.728423898373186,-0.615795712219092,-0.296549907717762,-0.997971908290821,0.0796654850957485,-0.218550183477744,0.216957824834138,1.42112281459922,-0.0716574903691391,0.125647845435644,-1.91197743248948,-0.277680093564303,1.82487477363448,1.16781001039325,-0.0137020802294749,0.407371044534728,0.147861049744853,0.317459334894185,0.850826566080584,0.101799592265935,0.607823051240964,-0.19416324590725,-0.142457178326622,0.0159567489215348,-0.0076346318874069,59.0,0,Medium,0.44450516,0.7940792,False,True
167923.0,1.15088373026978,-1.35725450673041,-2.22412884512189,0.655138013908303,-0.155184984329151,-0.589146495587536,0.582308349660853,-0.206366737781109,0.742705710644312,-0.933958499536244,1.00681985441678,0.862796673253364,-0.181890715425957,-1.29519546609059,-0.683760828488705,0.317588480650669,0.897204482551039,0.685350906706755,0.304990606619782,0.713793824997525,0.0443696882162008,-0.622404241955181,-0.244398224449752,-0.503034050986749,-0.227729890360323,-0.128700938670158,-0.0886002934642189,0.0434750807019796,444.66,0,High,0.006932815,0.9845804,False,True
168931.0,-0.393193497474924,0.931576277891302,-3.95714043489574,0.183789904193384,-0.624829661603133,0.0570139553209041,4.11515155154294,-0.600036843185512,-0.665242672807197,-1.21492953500676,1.3422083063715,-0.166617898129463,-0.863414542142338,-1.1473055379594,-0.48582201477509,-0.306927708629467,1.61472122223442,1.46077760146992,0.492368717330774,0.0480861617160704,0.396430097120285,1.61790743642046,0.435435051918868,0.568023502418008,-0.995441314904534,-0.475394329596743,0.448764756941544,0.0058873873225654,614.84,0,Critical,4.8499055e-10,0.99945813,False,True
168939.0,-0.639922154014936,-0.282427854034213,-2.19683510909106,1.38829694766371,-3.84261544561333,2.25592369318687,5.27971570002225,-0.93827835739167,-0.899607463449531,-0.905160694831156,1.14251703983361,-0.381834345248221,-0.0506794111583037,-0.477713041761373,1.55091469715015,-0.170605247986502,0.792804807826773,1.80828985912925,2.53038268260252,0.392614566852309,0.336812056522077,1.37615790990874,0.742875501945919,-0.353523146751898,-0.737702107210394,0.19156984127256,0.632523479878982,-0.010078959980656,1115.06,0,Critical,2.7285328e-17,0.99999785,False,True
169108.0,1.90683517598406,-0.167665544370671,-2.13424053035285,0.0845718397309982,0.805089779800561,0.068648801362957,0.0944657279008616,-0.0404268521164305,0.652754630815238,-0.743651789914959,0.627122775023772,1.22616440361141,0.964147177927574,-1.49643512963885,-0.778274768537662,0.362196929370288,0.485486122563095,0.632193533467937,0.657751175739867,0.0851433818977528,-0.198655354367728,-0.47927463035415,0.0332827086887525,-0.293834092778553,0.0359617217707886,-0.0931664909161108,-0.0200696968089021,-0.0194814409329818,80.0,0,High,0.0012046134,0.9981244,False,True
169342.0,1.94219057619874,-0.107815657844313,-2.11144468667818,0.0819616620952947,0.79039754875005,-0.0244259149266569,0.0962949349415899,-0.0679354843433689,0.642783962667879,-0.73108351274668,0.598545106650376,1.25261333832712,1.0468418947179,-1.52122260213566,-0.837157782134853,0.412450609283289,0.427197619428314,0.705181778822451,0.730196026199821,0.067921078592899,-0.211482254383141,-0.487086950653275,0.0390063374984658,-0.232753940186411,0.0577785793450283,-0.0976299495984568,-0.0200448481887175,-0.0210911798493624,66.0,0,Medium,2.2551938e-05,0.99508107,False,True
169693.0,2.00410942611349,0.117863996707462,-1.76104129207077,0.567689020599337,0.429763636424712,-0.509599009264779,-0.0253788216307516,-0.0831368796196819,0.454226873465068,-0.526881105916312,1.24453791700509,1.10296180449927,0.394789278738226,-1.64386107306812,-1.1548481555753,0.29627049690754,0.94238575819861,0.6152193334194,0.162746499053133,-0.110105535956099,0.0210824840219389,0.345187275211466,0.0607550642429166,0.711864629187729,0.0976123473763491,0.581066693981503,-0.0444975781261492,-0.0321513904636388,1.0,0,Low,0.000685444,0.72302306,False,True
169911.0,1.97476321605133,0.17719188020849,-2.32894087419142,0.721596235659759,0.593716011510386,-0.678492241126542,0.0067590543791053,-0.0097114262434547,0.601429514467568,-0.877283256358714,1.28154525899764,0.0206017273052143,-1.35456640598714,-2.24383081495451,-0.891740625574424,0.541689101633175,1.88842716934543,1.18124159805489,-0.0476095400806381,-0.174212855802397,0.0258999492817808,0.282686456582154,-0.0024381562288738,0.53742063449475,0.139187793712899,0.679315272314652,-0.049545551668198,-0.016976294142287,12.31,0,Low,1.9241603e-05,0.62031776,False,True
170782.0,1.66940256570556,-0.550273913441449,-2.18703054494508,0.295934929588282,0.437002425690131,-0.221791681842486,0.212785112943055,-0.0666310256763021,0.751256560489841,-0.820479979621976,0.777815986146972,0.806852401004932,-0.0072148689922064,-1.41637756504045,-0.720658625176249,0.423334614951407,0.725092741139137,0.806924452578394,0.545533180995501,0.256630584843579,-0.131086655561335,-0.595569796833335,-0.0214687986594371,0.0766658610226362,-0.0688734642675219,-0.129038955164443,-0.0485850302754751,0.0056464338732716,193.76,0,High,4.7928356e-06,0.9949044,False,True
171275.0,-0.789966942972605,-0.0145662097027088,-1.52305109443036,0.110401372129344,-1.41051324838013,0.0416073147761407,3.39625149639156,-0.723071282899296,-0.123301309057608,-1.11563493046792,-0.381078968161979,-0.207979592228515,0.515198245177236,-0.992957738172132,0.820229899957167,0.208835636569006,0.340709312568607,0.654269467898081,-0.300513821356146,0.166840695135486,0.247885674422657,1.04781073126451,0.283505674711996,-0.1179883670515,-0.218162745459587,-0.132934292002274,0.517407357868343,0.076563394724725,639.36,0,Critical,0.011847716,0.99462056,False,True
172001.0,-1.27746712132496,-1.08671229548759,-1.16124471127701,1.23803110756836,2.64205160873841,-2.02420361673046,0.787170980759063,-0.193215639852748,-0.440726498141602,-0.950101009133598,-0.428224612124921,0.0566552556147641,-0.124842281423798,-1.03959673005677,-0.796763865322716,-0.315551845727605,0.99573612830799,0.138385713688118,-0.850672682306919,0.642266345724514,0.339600954264921,0.292294113806697,0.647880179995956,0.933986076067279,0.0310380038705428,-0.683732266831869,-0.0279632557637972,0.137446970709718,176.9,0,High,0.007837043,0.7937594,False,True
172477.0,1.95799831952763,0.458759338803943,-2.40127209971148,1.47932482829808,1.09815638594014,-0.860734786002313,0.784502534346825,-0.387405203493037,-0.0055473844114095,-0.406664110407535,-0.500112348874921,0.444893298257385,0.622076076596814,-1.16820450844718,-0.40734205534484,-0.229526587316836,0.911076409524741,-0.028651772704802,-0.406438142535396,-0.0805858464388298,-0.0111330188437213,0.124526806059302,-0.0528348553327701,0.505702997911563,0.510981466780574,-0.522430606373177,-0.003462818582239,-0.0141659255088213,49.56,0,Medium,0.23880282,0.63429797,False,True
172738.0,1.63417757161878,-0.486938837730626,-1.97596707370747,0.495363620480254,0.263634950284469,-0.713048872805481,0.459925327975755,-0.336878841235022,0.74367638170692,-0.990123506849344,-0.32100076253903,1.1318257817697,1.61259466029199,-1.75412921277802,-0.236947630193946,-0.0118479955728646,0.924177677428394,-0.0774337825640044,0.102177030718239,0.384052869140888,-0.113197220495685,-0.493593660841444,0.0019931272095912,0.602533384425031,-0.0499364166570635,-0.145522404017653,-0.0405536866785061,0.0248838854851932,220.28,0,High,0.00031917318,0.9545468,False,True
